Time,Open,High,Low,Close,Volume
2025-01-21 04:00:00-05:00,227.33,228.27,226.5,227.26,52704.0
2025-01-21 04:05:00-05:00,227.3,227.4,227.11,227.17,13856.0
2025-01-21 04:10:00-05:00,227.35,227.66,227.35,227.57,8854.0
2025-01-21 04:15:00-05:00,227.59,227.69,227.46,227.55,11429.0
2025-01-21 04:20:00-05:00,227.54,227.6,227.11,227.11,16136.0
2025-01-21 04:25:00-05:00,227.03,227.24,227.03,227.23,5956.0
2025-01-21 04:30:00-05:00,227.25,227.34,227.23,227.33,3597.0
2025-01-21 04:35:00-05:00,227.23,227.23,227.03,227.09,10643.0
2025-01-21 04:40:00-05:00,227.01,227.01,226.65,226.68,25208.0
2025-01-21 04:45:00-05:00,226.86,226.99,226.78,226.91,6215.0
2025-01-21 04:50:00-05:00,226.99,227.1,226.99,227.1,1780.0
2025-01-21 04:55:00-05:00,227.03,227.03,227.03,227.03,237.0
2025-01-21 05:00:00-05:00,227.14,227.32,227.14,227.32,4348.0
2025-01-21 05:05:00-05:00,227.29,227.39,227.29,227.39,2490.0
2025-01-21 05:10:00-05:00,227.36,227.36,227.3,227.3,3451.0
2025-01-21 05:15:00-05:00,227.29,227.35,227.24,227.35,3265.0
2025-01-21 05:20:00-05:00,227.35,227.51,227.35,227.49,1897.0
2025-01-21 05:25:00-05:00,227.46,227.51,227.45,227.51,2593.0
2025-01-21 05:30:00-05:00,227.46,227.51,227.44,227.5,3619.0
2025-01-21 05:35:00-05:00,227.43,227.45,227.33,227.33,4129.0
2025-01-21 05:40:00-05:00,227.38,227.48,227.32,227.35,5426.0
2025-01-21 05:45:00-05:00,227.32,227.38,227.31,227.38,5027.0
2025-01-21 05:50:00-05:00,227.38,227.45,227.37,227.37,3311.0
2025-01-21 05:55:00-05:00,227.38,227.38,226.8,226.8,18032.0
2025-01-21 06:00:00-05:00,226.96,226.98,226.76,226.93,5366.0
2025-01-21 06:05:00-05:00,226.99,227.0,226.75,226.9,8539.0
2025-01-21 06:10:00-05:00,226.88,227.14,226.88,227.09,5064.0
2025-01-21 06:15:00-05:00,227.04,227.04,226.64,226.69,11890.0
2025-01-21 06:20:00-05:00,226.7,226.7,226.61,226.66,5686.0
2025-01-21 06:25:00-05:00,226.7,226.7,226.25,226.3,19210.0
2025-01-21 06:30:00-05:00,226.4,226.5,226.38,226.46,5902.0
2025-01-21 06:35:00-05:00,226.5,226.56,225.63,225.63,40084.0
2025-01-21 06:40:00-05:00,225.62,226.09,225.62,226.0,12930.0
2025-01-21 06:45:00-05:00,226.15,226.15,225.61,225.61,22693.0
2025-01-21 06:50:00-05:00,225.79,225.79,225.34,225.79,38533.0
2025-01-21 06:55:00-05:00,225.63,225.63,225.36,225.45,17609.0
2025-01-21 07:00:00-05:00,225.49,225.91,224.85,224.85,100473.0
2025-01-21 07:05:00-05:00,224.84,225.12,224.82,225.0,52493.0
2025-01-21 07:10:00-05:00,225.08,225.25,224.99,225.0,27667.0
2025-01-21 07:15:00-05:00,225.07,225.18,224.97,225.09,23310.0
2025-01-21 07:20:00-05:00,225.08,225.18,225.07,225.18,24305.0
2025-01-21 07:25:00-05:00,225.22,225.5,225.22,225.39,25313.0
2025-01-21 07:30:00-05:00,225.39,225.8,225.33,225.68,27096.0
2025-01-21 07:35:00-05:00,225.55,225.7,225.5,225.59,12564.0
2025-01-21 07:40:00-05:00,225.57,225.83,225.57,225.82,21556.0
2025-01-21 07:45:00-05:00,225.88,226.1,225.75,225.8,65088.0
2025-01-21 07:50:00-05:00,225.75,225.84,225.61,225.75,16188.0
2025-01-21 07:55:00-05:00,225.8,225.94,225.8,225.87,6936.0
2025-01-21 08:00:00-05:00,225.25,227.75,224.83,225.85,264063.0
2025-01-21 08:05:00-05:00,225.85,225.86,225.75,225.77,16577.0
2025-01-21 08:10:00-05:00,225.79,225.8,225.33,225.47,50988.0
2025-01-21 08:15:00-05:00,225.42,225.45,225.4,225.41,26368.0
2025-01-21 08:20:00-05:00,225.41,225.41,225.09,225.09,42136.0
2025-01-21 08:25:00-05:00,225.08,225.1,224.7,225.0039,101026.0
2025-01-21 08:30:00-05:00,225.1,225.3,225.0,225.29,48085.0
2025-01-21 08:35:00-05:00,225.27,225.6,225.25,225.49,54492.0
2025-01-21 08:40:00-05:00,225.4993,225.4993,225.0,225.4,43697.0
2025-01-21 08:45:00-05:00,225.41,225.8,225.37,225.8,44114.0
2025-01-21 08:50:00-05:00,225.8,226.01,225.7732,225.89,92957.0
2025-01-21 08:55:00-05:00,225.896,226.0999,225.85,226.0517,56460.0
2025-01-21 09:00:00-05:00,226.06,226.09,225.61,225.93,78065.0
2025-01-21 09:05:00-05:00,225.92,225.95,225.59,225.5998,33837.0
2025-01-21 09:10:00-05:00,225.5999,225.7,225.4,225.6,59041.0
2025-01-21 09:15:00-05:00,225.7,225.96,225.41,225.48,83027.0
2025-01-21 09:20:00-05:00,225.48,225.58,225.21,225.3,68147.0
2025-01-21 09:25:00-05:00,225.29,225.29,223.37,224.05,413067.0
2025-01-21 09:30:00-05:00,224.0,224.42,222.13,222.32,5899033.0
2025-01-21 09:35:00-05:00,222.3297,222.7,221.69,222.43,2724213.0
2025-01-21 09:40:00-05:00,222.42,222.43,220.8,220.92,2577953.0
2025-01-21 09:45:00-05:00,220.911886,222.4063,220.89,222.365,2625974.0
2025-01-21 09:50:00-05:00,222.36,222.41,221.2688,221.315,1401232.0
2025-01-21 09:55:00-05:00,221.31,221.97,221.0,221.86,1652936.0
2025-01-21 10:00:00-05:00,221.867,222.01,221.54,221.7,980428.0
2025-01-21 10:05:00-05:00,221.6901,222.3,221.61,221.89,1188353.0
2025-01-21 10:10:00-05:00,221.89,222.06,221.19,221.35,1058443.0
2025-01-21 10:15:00-05:00,221.345,222.01,221.25,221.8799,1018163.0
2025-01-21 10:20:00-05:00,221.8711,222.06,221.46,221.815,859696.0
2025-01-21 10:25:00-05:00,221.81,222.03,221.49,221.7703,868099.0
2025-01-21 10:30:00-05:00,221.775,222.1,221.38,221.505,1247482.0
2025-01-21 10:35:00-05:00,221.5,221.6222,220.89,221.005,1185347.0
2025-01-21 10:40:00-05:00,220.97,221.12,220.6,220.97,1289031.0
2025-01-21 10:45:00-05:00,220.995,221.24,220.74,220.84,834886.0
2025-01-21 10:50:00-05:00,220.85,221.2028,220.6,221.145,900514.0
2025-01-21 10:55:00-05:00,221.12,221.35,220.97,221.31,772407.0
2025-01-21 11:00:00-05:00,221.3,221.42,220.97,221.23,838270.0
2025-01-21 11:05:00-05:00,221.21,221.44,220.95,220.96,693766.0
2025-01-21 11:10:00-05:00,220.955,220.96,220.35,220.51,1121026.0
2025-01-21 11:15:00-05:00,220.51,220.53,220.08,220.2701,1176661.0
2025-01-21 11:20:00-05:00,220.285,220.51,220.1,220.1363,1042325.0
2025-01-21 11:25:00-05:00,220.135,220.19,219.7,220.1078,2327531.0
2025-01-21 11:30:00-05:00,220.1,220.38,219.98,220.05,1007058.0
2025-01-21 11:35:00-05:00,220.05,220.18,219.85,220.0,935142.0
2025-01-21 11:40:00-05:00,220.0,220.01,219.38,219.5702,1224276.0
2025-01-21 11:45:00-05:00,219.585,220.01,219.51,219.945,781830.0
2025-01-21 11:50:00-05:00,219.94,220.12,219.9,220.025,683605.0
2025-01-21 11:55:00-05:00,220.02,220.38,220.02,220.17,692079.0
2025-01-21 12:00:00-05:00,220.1757,220.4,219.91,220.3907,559936.0
2025-01-21 12:05:00-05:00,220.39,220.77,220.37,220.67,723825.0
2025-01-21 12:10:00-05:00,220.66,220.73,220.51,220.64,601945.0
2025-01-21 12:15:00-05:00,220.635,220.67,219.9,220.13,965174.0
2025-01-21 12:20:00-05:00,220.13,220.155,219.82,219.9775,638516.0
2025-01-21 12:25:00-05:00,219.985,220.46,219.95,220.36,638950.0
2025-01-21 12:30:00-05:00,220.36,220.63,220.345,220.625,518976.0
2025-01-21 12:35:00-05:00,220.62,220.74,220.5201,220.67,441300.0
2025-01-21 12:40:00-05:00,220.675,220.8,220.49,220.78,545165.0
2025-01-21 12:45:00-05:00,220.78,221.07,220.7705,220.7957,880476.0
2025-01-21 12:50:00-05:00,220.8,220.83,220.52,220.6,551963.0
2025-01-21 12:55:00-05:00,220.605,220.65,220.22,220.235,547599.0
2025-01-21 13:00:00-05:00,220.23,220.26,220.02,220.13,534093.0
2025-01-21 13:05:00-05:00,220.14,220.41,220.1216,220.24,451240.0
2025-01-21 13:10:00-05:00,220.25,220.35,220.11,220.25,422779.0
2025-01-21 13:15:00-05:00,220.24,220.378,220.06,220.07,470975.0
2025-01-21 13:20:00-05:00,220.06,220.25,220.0,220.15,455354.0
2025-01-21 13:25:00-05:00,220.155,220.5,220.14,220.405,495024.0
2025-01-21 13:30:00-05:00,220.404695,220.68,220.37,220.68,756147.0
2025-01-21 13:35:00-05:00,220.675,221.19,220.6722,221.19,575139.0
2025-01-21 13:40:00-05:00,221.2,221.265,221.0,221.22,598495.0
2025-01-21 13:45:00-05:00,221.22,221.23,220.72,220.81,568203.0
2025-01-21 13:50:00-05:00,220.82,220.91,220.6805,220.79,342125.0
2025-01-21 13:55:00-05:00,220.795,221.28,220.76,221.21,500558.0
2025-01-21 14:00:00-05:00,221.21,221.21,221.0,221.09,416292.0
2025-01-21 14:05:00-05:00,221.09,221.1699,220.98,221.09,428760.0
2025-01-21 14:10:00-05:00,221.095,221.36,220.95,221.305,575067.0
2025-01-21 14:15:00-05:00,221.32,221.34,220.97,221.165,454189.0
2025-01-21 14:20:00-05:00,221.1719,221.29,221.1493,221.23,392625.0
2025-01-21 14:25:00-05:00,221.23,221.69,221.23,221.61,1307274.0
2025-01-21 14:30:00-05:00,221.605,221.61,221.285,221.2905,582086.0
2025-01-21 14:35:00-05:00,221.295,221.3,220.65,220.735,610759.0
2025-01-21 14:40:00-05:00,220.74,221.0,220.53,220.635,660680.0
2025-01-21 14:45:00-05:00,220.6395,220.65,220.38,220.585,560381.0
2025-01-21 14:50:00-05:00,220.585,220.84,220.54,220.817,424475.0
2025-01-21 14:55:00-05:00,220.84,221.15,220.81,221.1203,403343.0
2025-01-21 15:00:00-05:00,221.125,221.18,220.31,220.9,980826.0
2025-01-21 15:05:00-05:00,220.9,221.39,220.895,221.3754,537966.0
2025-01-21 15:10:00-05:00,221.385,221.3975,221.14,221.36,587202.0
2025-01-21 15:15:00-05:00,221.36,221.6165,221.329,221.4299,674899.0
2025-01-21 15:20:00-05:00,221.42,221.52,221.27,221.43,564776.0
2025-01-21 15:25:00-05:00,221.43,221.67,221.32,221.65,518098.0
2025-01-21 15:30:00-05:00,221.64,221.83,221.47,221.48,645281.0
2025-01-21 15:35:00-05:00,221.495,221.59,221.34,221.584,748590.0
2025-01-21 15:40:00-05:00,221.58,221.7195,221.45,221.55,593385.0
2025-01-21 15:45:00-05:00,221.55,221.95,221.43,221.94,833707.0
2025-01-21 15:50:00-05:00,221.93,222.5,221.9,222.46,1515317.0
2025-01-21 15:55:00-05:00,222.45,222.79,222.4,222.66,2908202.0
2025-01-21 16:00:00-05:00,222.64,222.76,222.5,222.65,423840.0
2025-01-21 16:05:00-05:00,222.66,222.7,222.38,222.52,426767.0
2025-01-21 16:10:00-05:00,222.56,222.5717,222.4,222.4112,22044.0
2025-01-21 16:15:00-05:00,222.44,222.44,221.98,222.2,49055.0
2025-01-21 16:20:00-05:00,222.22,222.2507,222.11,222.22,17040.0
2025-01-21 16:25:00-05:00,222.2386,222.24,222.1,222.14,16373.0
2025-01-21 16:30:00-05:00,222.11,222.14,222.0,222.0407,22388.0
2025-01-21 16:35:00-05:00,222.04,222.1,221.68,221.78,26071.0
2025-01-21 16:40:00-05:00,221.82,222.02,221.82,221.931,19393.0
2025-01-21 16:45:00-05:00,221.94,222.12,221.9101,222.08,17224.0
2025-01-21 16:50:00-05:00,222.08,222.1,221.99,221.99,17235.0
2025-01-21 16:55:00-05:00,221.96,222.64,221.88,221.8988,53238.0
2025-01-21 17:00:00-05:00,221.8995,222.06,221.8701,222.01,18177.0
2025-01-21 17:05:00-05:00,222.0,222.1,221.98,222.0,15379.0
2025-01-21 17:10:00-05:00,222.0,222.05,222.0,222.04,14152.0
2025-01-21 17:15:00-05:00,222.0,222.08,222.0,222.08,8528.0
2025-01-21 17:20:00-05:00,222.05,222.08,222.0,222.03,13035.0
2025-01-21 17:25:00-05:00,222.02,222.02,221.7001,221.75,17339.0
2025-01-21 17:30:00-05:00,221.76,221.8,221.7,221.8,14001.0
2025-01-21 17:35:00-05:00,221.8,222.0,221.7454,222.0,13475.0
2025-01-21 17:40:00-05:00,221.956,221.96,221.85,221.95,12918.0
2025-01-21 17:45:00-05:00,221.9267,222.0,221.9267,221.9912,12693.0
2025-01-21 17:50:00-05:00,222.0002,222.06,221.93,221.9897,35733.0
2025-01-21 17:55:00-05:00,221.9894,222.64,221.9,222.64,9351.0
2025-01-21 18:00:00-05:00,221.89,221.93,221.4,221.4,20580.0
2025-01-21 18:05:00-05:00,221.4,221.66,221.3058,221.4896,12273.0
2025-01-21 18:10:00-05:00,221.45,222.64,221.4,221.6,30210.0
2025-01-21 18:15:00-05:00,221.5997,221.5997,221.28,221.29,21935.0
2025-01-21 18:20:00-05:00,221.4101,221.8199,221.4101,221.7009,22269.0
2025-01-21 18:25:00-05:00,221.79,222.06,221.79,221.89,18228.0
2025-01-21 18:30:00-05:00,221.8801,222.0194,221.854,221.9984,12460.0
2025-01-21 18:35:00-05:00,222.0,222.14,221.97,222.08,24024.0
2025-01-21 18:40:00-05:00,222.05,222.05,222.0002,222.04,4725.0
2025-01-21 18:45:00-05:00,222.0499,222.15,222.0401,222.1,3336.0
2025-01-21 18:50:00-05:00,222.0999,222.1192,221.9999,222.0,9506.0
2025-01-21 18:55:00-05:00,221.9999,222.0,221.9,221.921,5977.0
2025-01-21 19:00:00-05:00,221.92,221.97,221.861,221.8678,6678.0
2025-01-21 19:05:00-05:00,221.8788,221.93,221.8,221.9,5631.0
2025-01-21 19:10:00-05:00,221.91,221.9283,221.8481,221.87,2664.0
2025-01-21 19:15:00-05:00,221.8572,221.8999,221.84,221.849,4782.0
2025-01-21 19:20:00-05:00,221.82,221.93,221.8,221.89,10551.0
2025-01-21 19:25:00-05:00,221.8999,221.91,221.85,221.91,7589.0
2025-01-21 19:30:00-05:00,221.87,222.0,221.87,222.0,10034.0
2025-01-21 19:35:00-05:00,222.0,222.15,221.97,222.15,14970.0
2025-01-21 19:40:00-05:00,222.15,222.17,221.88,221.88,10487.0
2025-01-21 19:45:00-05:00,221.88,222.05,221.8788,222.0397,8995.0
2025-01-21 19:50:00-05:00,222.04,222.05,221.86,221.9997,9946.0
2025-01-21 19:55:00-05:00,221.98,222.0598,221.89,222.0501,11156.0
2025-01-22 04:00:00-05:00,222.7,222.7,222.33,222.43,13242.0
2025-01-22 04:05:00-05:00,222.5,222.51,222.17,222.27,21626.0
2025-01-22 04:10:00-05:00,222.24,222.51,222.22,222.51,10229.0
2025-01-22 04:15:00-05:00,222.47,222.55,222.45,222.46,7789.0
2025-01-22 04:20:00-05:00,222.57,222.6,222.5,222.51,4268.0
2025-01-22 04:25:00-05:00,222.52,222.72,222.5,222.72,5635.0
2025-01-22 04:30:00-05:00,222.68,222.68,222.3,222.34,12327.0
2025-01-22 04:35:00-05:00,222.31,222.31,222.13,222.13,7229.0
2025-01-22 04:40:00-05:00,222.09,222.11,222.05,222.06,12770.0
2025-01-22 04:45:00-05:00,222.04,222.07,222.01,222.01,7415.0
2025-01-22 04:50:00-05:00,222.03,222.03,221.91,222.02,16281.0
2025-01-22 04:55:00-05:00,222.18,222.3,222.18,222.2,6453.0
2025-01-22 05:00:00-05:00,222.09,222.23,222.09,222.23,2385.0
2025-01-22 05:05:00-05:00,222.24,222.43,222.24,222.3,6479.0
2025-01-22 05:10:00-05:00,222.29,222.29,222.28,222.28,1090.0
2025-01-22 05:15:00-05:00,222.3,222.38,222.3,222.38,4156.0
2025-01-22 05:20:00-05:00,222.39,222.43,222.39,222.4,4088.0
2025-01-22 05:25:00-05:00,222.43,222.48,222.43,222.48,1359.0
2025-01-22 05:30:00-05:00,222.48,222.51,222.44,222.45,8389.0
2025-01-22 05:35:00-05:00,222.49,222.55,222.49,222.55,3264.0
2025-01-22 05:40:00-05:00,222.59,222.65,222.57,222.57,2336.0
2025-01-22 05:45:00-05:00,222.64,222.68,222.62,222.68,3464.0
2025-01-22 05:50:00-05:00,222.74,222.76,222.7,222.75,5088.0
2025-01-22 05:55:00-05:00,222.73,222.78,222.73,222.78,1762.0
2025-01-22 06:00:00-05:00,222.66,222.79,222.65,222.74,8141.0
2025-01-22 06:05:00-05:00,222.74,222.92,222.74,222.92,12890.0
2025-01-22 06:10:00-05:00,222.92,223.0,222.91,222.91,7278.0
2025-01-22 06:15:00-05:00,222.91,223.0,222.91,222.95,5892.0
2025-01-22 06:20:00-05:00,222.95,222.95,222.8,222.8,4484.0
2025-01-22 06:25:00-05:00,222.77,222.77,222.5,222.52,9446.0
2025-01-22 06:30:00-05:00,222.52,222.52,222.45,222.5,4524.0
2025-01-22 06:35:00-05:00,222.5,222.5,222.49,222.5,5517.0
2025-01-22 06:40:00-05:00,222.5,222.57,222.49,222.57,4051.0
2025-01-22 06:45:00-05:00,222.62,222.76,222.62,222.62,5397.0
2025-01-22 06:50:00-05:00,222.6,222.6,222.53,222.53,2029.0
2025-01-22 06:55:00-05:00,222.5,222.64,222.46,222.46,7286.0
2025-01-22 07:00:00-05:00,222.47,222.59,221.95,221.95,23330.0
2025-01-22 07:05:00-05:00,221.98,222.11,221.83,222.06,12573.0
2025-01-22 07:10:00-05:00,222.11,222.16,222.09,222.12,3767.0
2025-01-22 07:15:00-05:00,222.05,222.05,222.01,222.04,8368.0
2025-01-22 07:20:00-05:00,222.08,222.08,221.88,221.94,9668.0
2025-01-22 07:25:00-05:00,221.95,222.07,221.95,222.07,9467.0
2025-01-22 07:30:00-05:00,222.06,222.08,222.03,222.04,4867.0
2025-01-22 07:35:00-05:00,222.08,222.22,222.04,222.2,3874.0
2025-01-22 07:40:00-05:00,222.17,222.25,222.15,222.15,7052.0
2025-01-22 07:45:00-05:00,222.12,222.12,222.0,222.08,14103.0
2025-01-22 07:50:00-05:00,222.09,222.13,222.09,222.13,4074.0
2025-01-22 07:55:00-05:00,222.12,222.15,222.0,222.0,12823.0
2025-01-22 08:00:00-05:00,222.43,222.82,221.82,222.06,140733.0
2025-01-22 08:05:00-05:00,222.06,222.64,221.91,221.91,23903.0
2025-01-22 08:10:00-05:00,221.91,222.07,221.91,222.0497,13734.0
2025-01-22 08:15:00-05:00,222.04,222.04,221.93,221.96,14237.0
2025-01-22 08:20:00-05:00,221.9799,221.9999,221.87,221.95,14996.0
2025-01-22 08:25:00-05:00,221.9,221.9199,221.86,221.8797,13392.0
2025-01-22 08:30:00-05:00,221.861,221.929,221.83,221.929,11923.0
2025-01-22 08:35:00-05:00,221.92,221.94,221.83,221.87,27045.0
2025-01-22 08:40:00-05:00,221.87,221.87,221.5512,221.56,35572.0
2025-01-22 08:45:00-05:00,221.56,221.75,221.56,221.72,35832.0
2025-01-22 08:50:00-05:00,221.73,221.73,221.199,221.199,55529.0
2025-01-22 08:55:00-05:00,221.19,221.21,220.85,221.15,78469.0
2025-01-22 09:00:00-05:00,221.21,221.49,221.21,221.42,25366.0
2025-01-22 09:05:00-05:00,221.4,221.56,221.3001,221.46,24207.0
2025-01-22 09:10:00-05:00,221.47,221.51,221.36,221.47,20082.0
2025-01-22 09:15:00-05:00,221.47,221.84,221.47,221.75,37800.0
2025-01-22 09:20:00-05:00,221.7,221.76,221.59,221.76,37081.0
2025-01-22 09:25:00-05:00,221.77,221.77,219.05,219.75,478167.0
2025-01-22 09:30:00-05:00,219.79,222.84,219.79,222.59,4251628.0
2025-01-22 09:35:00-05:00,222.61,223.09,222.12,222.565,1473505.0
2025-01-22 09:40:00-05:00,222.54,222.7345,221.42,221.448,1093692.0
2025-01-22 09:45:00-05:00,221.44,222.51,221.07,222.495,1116710.0
2025-01-22 09:50:00-05:00,222.5,223.28,222.28,223.1526,1431433.0
2025-01-22 09:55:00-05:00,223.145,223.2097,222.49,222.95,1188229.0
2025-01-22 10:00:00-05:00,222.96,223.3528,222.74,222.95,1217369.0
2025-01-22 10:05:00-05:00,222.94,223.03,222.43,222.61,648400.0
2025-01-22 10:10:00-05:00,222.61,222.97,222.382,222.46,784685.0
2025-01-22 10:15:00-05:00,222.45,222.54,222.21,222.2637,463403.0
2025-01-22 10:20:00-05:00,222.2484,222.42,221.83,221.865,535810.0
2025-01-22 10:25:00-05:00,221.87,221.94,221.52,221.631,616015.0
2025-01-22 10:30:00-05:00,221.635,222.0,221.6,221.98,695521.0
2025-01-22 10:35:00-05:00,221.99,222.22,221.625,221.7,685429.0
2025-01-22 10:40:00-05:00,221.71,221.86,221.55,221.85,602406.0
2025-01-22 10:45:00-05:00,221.85,222.2554,221.81,222.21,630064.0
2025-01-22 10:50:00-05:00,222.205,222.69,222.2,222.57,584726.0
2025-01-22 10:55:00-05:00,222.58,222.97,222.57,222.935,542951.0
2025-01-22 11:00:00-05:00,222.94,223.03,222.69,222.83,561709.0
2025-01-22 11:05:00-05:00,222.8297,222.94,222.68,222.74,500872.0
2025-01-22 11:10:00-05:00,222.74,222.96,222.68,222.8729,395776.0
2025-01-22 11:15:00-05:00,222.88,223.08,222.7,222.725,537307.0
2025-01-22 11:20:00-05:00,222.725,222.725,222.47,222.67,574106.0
2025-01-22 11:25:00-05:00,222.6899,222.91,222.66,222.855,429313.0
2025-01-22 11:30:00-05:00,222.8579,222.928,222.5101,222.59,417207.0
2025-01-22 11:35:00-05:00,222.58,222.66,222.23,222.305,433869.0
2025-01-22 11:40:00-05:00,222.325,222.42,221.9,221.98,468360.0
2025-01-22 11:45:00-05:00,221.97,222.05,221.7,221.815,494909.0
2025-01-22 11:50:00-05:00,221.82,222.02,221.77,221.89,508464.0
2025-01-22 11:55:00-05:00,221.89,222.0374,221.82,221.935,351380.0
2025-01-22 12:00:00-05:00,221.945,222.09,221.88,222.06,383719.0
2025-01-22 12:05:00-05:00,222.0663,222.09,221.9,221.9781,326012.0
2025-01-22 12:10:00-05:00,221.96,222.03,221.8,221.98,434512.0
2025-01-22 12:15:00-05:00,221.988,222.22,221.96,222.175,521679.0
2025-01-22 12:20:00-05:00,222.1701,222.5,222.16,222.355,481220.0
2025-01-22 12:25:00-05:00,222.35,222.59,222.33,222.565,273426.0
2025-01-22 12:30:00-05:00,222.565,222.57,222.39,222.39,254271.0
2025-01-22 12:35:00-05:00,222.38,222.7926,222.35,222.7926,364476.0
2025-01-22 12:40:00-05:00,222.7999,222.8299,222.66,222.75,357734.0
2025-01-22 12:45:00-05:00,222.74,222.77,222.6,222.72,306832.0
2025-01-22 12:50:00-05:00,222.73,222.8,222.41,222.4882,367915.0
2025-01-22 12:55:00-05:00,222.4872,222.76,222.465,222.7299,223360.0
2025-01-22 13:00:00-05:00,222.73,222.85,222.56,222.5705,370679.0
2025-01-22 13:05:00-05:00,222.57,222.59,222.4,222.5047,330868.0
2025-01-22 13:10:00-05:00,222.501,222.56,222.358,222.49,251629.0
2025-01-22 13:15:00-05:00,222.495,222.55,222.41,222.44,251486.0
2025-01-22 13:20:00-05:00,222.445,222.455,222.21,222.3803,353619.0
2025-01-22 13:25:00-05:00,222.38,222.38,222.015,222.1157,521056.0
2025-01-22 13:30:00-05:00,222.12,222.2,221.91,222.022,395882.0
2025-01-22 13:35:00-05:00,222.02,222.05,221.95,222.0,206112.0
2025-01-22 13:40:00-05:00,222.0018,222.22,221.92,222.16,279622.0
2025-01-22 13:45:00-05:00,222.155,222.5,222.03,222.45,317810.0
2025-01-22 13:50:00-05:00,222.44,222.65,222.44,222.63,303127.0
2025-01-22 13:55:00-05:00,222.635,222.7,222.38,222.43,281055.0
2025-01-22 14:00:00-05:00,222.4299,222.5699,222.36,222.5145,202079.0
2025-01-22 14:05:00-05:00,222.51,222.55,222.44,222.46,222671.0
2025-01-22 14:10:00-05:00,222.47,222.59,222.35,222.545,282075.0
2025-01-22 14:15:00-05:00,222.55,222.68,222.55,222.645,205029.0
2025-01-22 14:20:00-05:00,222.645,222.865,222.581,222.8,328215.0
2025-01-22 14:25:00-05:00,222.78,222.82,222.64,222.746,361013.0
2025-01-22 14:30:00-05:00,222.745,222.9199,222.68,222.8,326017.0
2025-01-22 14:35:00-05:00,222.8,222.82,222.55,222.7099,299050.0
2025-01-22 14:40:00-05:00,222.72,222.7498,222.57,222.61,662260.0
2025-01-22 14:45:00-05:00,222.61,222.9,222.42,222.88,389645.0
2025-01-22 14:50:00-05:00,222.8892,223.105,222.82,223.07,465563.0
2025-01-22 14:55:00-05:00,223.08,223.4,223.07,223.3889,588312.0
2025-01-22 15:00:00-05:00,223.38,223.6,223.38,223.41,524274.0
2025-01-22 15:05:00-05:00,223.42,223.445,223.075,223.08,455092.0
2025-01-22 15:10:00-05:00,223.09,223.09,222.85,222.935,508712.0
2025-01-22 15:15:00-05:00,222.935,223.0137,222.82,223.009,432171.0
2025-01-22 15:20:00-05:00,223.006,223.4251,222.96,223.4251,532020.0
2025-01-22 15:25:00-05:00,223.4208,223.435,223.2508,223.35,423410.0
2025-01-22 15:30:00-05:00,223.365,223.4899,223.3,223.33,415289.0
2025-01-22 15:35:00-05:00,223.335,223.43,223.16,223.28,506263.0
2025-01-22 15:40:00-05:00,223.27,223.35,223.06,223.162,395345.0
2025-01-22 15:45:00-05:00,223.1554,223.3,223.06,223.21,424982.0
2025-01-22 15:50:00-05:00,223.21,224.12,223.06,223.8111,1206174.0
2025-01-22 15:55:00-05:00,223.815,223.98,223.64,223.77,2079781.0
2025-01-22 16:00:00-05:00,223.83,223.99,223.55,223.7,1917540.0
2025-01-22 16:05:00-05:00,223.83,223.83,223.5,223.5012,74722.0
2025-01-22 16:10:00-05:00,223.55,223.59,223.3495,223.56,25697.0
2025-01-22 16:15:00-05:00,223.57,223.65,223.57,223.6018,9515.0
2025-01-22 16:20:00-05:00,223.59,223.6,223.41,223.44,19418.0
2025-01-22 16:25:00-05:00,223.5183,223.52,223.44,223.44,8217.0
2025-01-22 16:30:00-05:00,223.44,223.55,223.44,223.53,5473.0
2025-01-22 16:35:00-05:00,223.83,223.83,223.4217,223.45,10023.0
2025-01-22 16:40:00-05:00,223.43,223.83,223.4,223.43,20362.0
2025-01-22 16:45:00-05:00,223.43,223.83,223.4,223.46,52654.0
2025-01-22 16:50:00-05:00,223.44,223.5488,223.44,223.5031,4666.0
2025-01-22 16:55:00-05:00,223.5035,223.55,223.5002,223.5002,356830.0
2025-01-22 17:00:00-05:00,223.51,223.59,223.5,223.5,9287.0
2025-01-22 17:05:00-05:00,223.5205,223.5205,223.4,223.479,9881.0
2025-01-22 17:10:00-05:00,223.44,223.48,223.42,223.42,2255.0
2025-01-22 17:15:00-05:00,223.42,223.42,223.2,223.21,23380.0
2025-01-22 17:20:00-05:00,223.29,223.31,223.21,223.28,9423.0
2025-01-22 17:25:00-05:00,223.25,223.2785,223.22,223.22,7103.0
2025-01-22 17:30:00-05:00,223.27,223.27,223.24,223.24,2431.0
2025-01-22 17:35:00-05:00,223.2201,223.2769,223.22,223.2769,2163.0
2025-01-22 17:40:00-05:00,223.28,223.38,223.28,223.35,3677.0
2025-01-22 17:45:00-05:00,223.3512,223.3512,223.35,223.35,1142.0
2025-01-22 17:50:00-05:00,223.3499,223.3993,223.31,223.3993,4818.0
2025-01-22 17:55:00-05:00,223.3995,223.3995,223.35,223.35,2980.0
2025-01-22 18:00:00-05:00,223.3999,223.44,223.38,223.44,10144.0
2025-01-22 18:05:00-05:00,223.44,223.5,223.3437,223.4927,4742.0
2025-01-22 18:10:00-05:00,223.4025,223.48,223.4,223.4,2541.0
2025-01-22 18:15:00-05:00,223.4,223.47,223.374,223.47,3536.0
2025-01-22 18:20:00-05:00,223.47,223.47,223.361,223.361,4514.0
2025-01-22 18:25:00-05:00,223.39,223.43,223.36,223.43,2669.0
2025-01-22 18:30:00-05:00,223.37,223.45,223.3118,223.4497,2515.0
2025-01-22 18:35:00-05:00,223.45,223.45,223.34,223.34,12570.0
2025-01-22 18:40:00-05:00,223.36,223.4,223.35,223.35,3900.0
2025-01-22 18:45:00-05:00,223.43,223.44,223.3,223.393,4081.0
2025-01-22 18:50:00-05:00,223.42,223.45,223.3283,223.45,4551.0
2025-01-22 18:55:00-05:00,223.45,223.45,223.3607,223.3607,1661.0
2025-01-22 19:00:00-05:00,223.4,223.4199,223.4,223.41,1024.0
2025-01-22 19:05:00-05:00,223.448,223.45,223.3964,223.3964,3091.0
2025-01-22 19:10:00-05:00,223.4,223.4,223.38,223.4,601.0
2025-01-22 19:15:00-05:00,223.35,223.35,223.32,223.35,1610.0
2025-01-22 19:20:00-05:00,223.32,223.35,223.28,223.3345,5674.0
2025-01-22 19:25:00-05:00,223.2805,223.3,223.24,223.3,7399.0
2025-01-22 19:30:00-05:00,223.32,223.35,223.19,223.23,8840.0
2025-01-22 19:35:00-05:00,223.22,223.35,223.22,223.3093,4573.0
2025-01-22 19:40:00-05:00,223.28,223.28,223.1245,223.2,3578.0
2025-01-22 19:45:00-05:00,223.1999,223.25,223.16,223.16,5722.0
2025-01-22 19:50:00-05:00,223.16,223.33,223.1427,223.1427,2257.0
2025-01-22 19:55:00-05:00,223.25,223.35,223.15,223.18,6845.0
2025-01-23 04:00:00-05:00,223.52,223.52,222.66,222.94,9728.0
2025-01-23 04:05:00-05:00,222.79,222.84,222.25,222.35,8538.0
2025-01-23 04:10:00-05:00,222.36,222.36,222.22,222.3,4874.0
2025-01-23 04:15:00-05:00,222.63,222.63,222.51,222.57,2226.0
2025-01-23 04:20:00-05:00,222.5,222.7,222.5,222.7,2894.0
2025-01-23 04:25:00-05:00,222.74,222.8,222.71,222.75,1808.0
2025-01-23 04:30:00-05:00,222.77,222.77,222.71,222.71,1625.0
2025-01-23 04:35:00-05:00,222.76,222.8,222.76,222.8,1328.0
2025-01-23 04:40:00-05:00,222.71,222.72,222.6,222.72,5070.0
2025-01-23 04:45:00-05:00,222.69,222.7,222.68,222.68,673.0
2025-01-23 04:50:00-05:00,222.69,222.8,222.69,222.79,2091.0
2025-01-23 04:55:00-05:00,222.76,222.82,222.76,222.82,1540.0
2025-01-23 05:00:00-05:00,222.83,222.83,222.7,222.73,3442.0
2025-01-23 05:05:00-05:00,222.71,222.71,222.6,222.6,565.0
2025-01-23 05:10:00-05:00,222.68,222.68,222.66,222.68,1482.0
2025-01-23 05:15:00-05:00,222.7,222.79,222.7,222.78,2056.0
2025-01-23 05:20:00-05:00,222.7,222.7,222.68,222.68,776.0
2025-01-23 05:25:00-05:00,222.62,222.71,222.62,222.67,2356.0
2025-01-23 05:30:00-05:00,222.73,222.73,222.62,222.62,749.0
2025-01-23 05:35:00-05:00,222.62,222.64,222.57,222.57,2856.0
2025-01-23 05:40:00-05:00,222.61,222.63,222.61,222.63,880.0
2025-01-23 05:45:00-05:00,222.6,222.64,222.57,222.62,2557.0
2025-01-23 05:50:00-05:00,222.63,222.64,222.51,222.64,2415.0
2025-01-23 05:55:00-05:00,222.61,222.62,222.6,222.62,2393.0
2025-01-23 06:00:00-05:00,222.68,222.71,222.68,222.71,1295.0
2025-01-23 06:05:00-05:00,222.78,222.86,222.72,222.86,11112.0
2025-01-23 06:10:00-05:00,222.8,222.96,222.8,222.91,4965.0
2025-01-23 06:15:00-05:00,222.89,223.0,222.8,223.0,8180.0
2025-01-23 06:20:00-05:00,223.06,223.19,223.06,223.11,6891.0
2025-01-23 06:25:00-05:00,223.19,223.19,223.11,223.11,4535.0
2025-01-23 06:30:00-05:00,223.11,223.11,222.95,222.95,4195.0
2025-01-23 06:35:00-05:00,223.0,223.05,223.0,223.0,1134.0
2025-01-23 06:40:00-05:00,222.99,223.06,222.89,223.06,5000.0
2025-01-23 06:45:00-05:00,222.99,223.15,222.93,223.15,4442.0
2025-01-23 06:50:00-05:00,223.04,223.25,223.04,223.25,8143.0
2025-01-23 06:55:00-05:00,223.26,223.3,223.2,223.2,3801.0
2025-01-23 07:00:00-05:00,223.23,223.25,223.14,223.25,11895.0
2025-01-23 07:05:00-05:00,223.16,223.16,223.14,223.14,665.0
2025-01-23 07:10:00-05:00,223.08,223.08,223.05,223.08,6481.0
2025-01-23 07:15:00-05:00,223.08,223.18,223.08,223.13,5419.0
2025-01-23 07:20:00-05:00,223.1,223.33,223.1,223.33,7427.0
2025-01-23 07:25:00-05:00,223.28,223.3,223.25,223.27,3490.0
2025-01-23 07:30:00-05:00,223.25,223.35,223.25,223.33,9522.0
2025-01-23 07:35:00-05:00,223.4,223.75,223.4,223.7,12365.0
2025-01-23 07:40:00-05:00,223.7,223.98,223.7,223.95,12652.0
2025-01-23 07:45:00-05:00,223.94,224.0,223.87,223.96,9544.0
2025-01-23 07:50:00-05:00,223.98,224.25,223.98,224.17,22174.0
2025-01-23 07:55:00-05:00,224.17,224.25,224.14,224.14,11151.0
2025-01-23 08:00:00-05:00,223.04,224.3,222.44,224.3,124883.0
2025-01-23 08:05:00-05:00,224.33,224.35,224.2,224.3,29673.0
2025-01-23 08:10:00-05:00,224.21,224.33,224.17,224.2588,20247.0
2025-01-23 08:15:00-05:00,224.2117,224.39,224.21,224.38,36055.0
2025-01-23 08:20:00-05:00,224.38,224.55,224.3396,224.4,39850.0
2025-01-23 08:25:00-05:00,224.45,224.49,224.38,224.46,22746.0
2025-01-23 08:30:00-05:00,224.4388,224.68,224.28,224.2925,43580.0
2025-01-23 08:35:00-05:00,224.34,224.471,224.12,224.35,28582.0
2025-01-23 08:40:00-05:00,224.38,224.5,224.27,224.3,18897.0
2025-01-23 08:45:00-05:00,224.314,224.39,224.25,224.37,10975.0
2025-01-23 08:50:00-05:00,224.36,224.5287,224.22,224.49,23612.0
2025-01-23 08:55:00-05:00,224.49,224.84,224.49,224.7495,42492.0
2025-01-23 09:00:00-05:00,224.75,224.84,224.59,224.6,55133.0
2025-01-23 09:05:00-05:00,224.6388,224.6388,224.2,224.41,23727.0
2025-01-23 09:10:00-05:00,224.3883,224.54,224.11,224.265,31926.0
2025-01-23 09:15:00-05:00,224.16,224.59,224.11,224.52,37159.0
2025-01-23 09:20:00-05:00,224.5746,224.5746,224.3602,224.57,27793.0
2025-01-23 09:25:00-05:00,224.59,224.9,224.22,224.87,105308.0
2025-01-23 09:30:00-05:00,224.74,226.26,224.48,225.2799,3169983.0
2025-01-23 09:35:00-05:00,225.27,225.78,224.682,225.54,1150324.0
2025-01-23 09:40:00-05:00,225.5301,225.82,224.73,224.76,930373.0
2025-01-23 09:45:00-05:00,224.775,224.99,224.26,224.9,871288.0
2025-01-23 09:50:00-05:00,224.93,225.51,224.68,225.49,704692.0
2025-01-23 09:55:00-05:00,225.49,225.58,224.67,225.18,791883.0
2025-01-23 10:00:00-05:00,225.19,225.6194,224.8903,225.52,842229.0
2025-01-23 10:05:00-05:00,225.525,226.015,225.2897,225.84,1169469.0
2025-01-23 10:10:00-05:00,225.85,226.1,225.5301,226.08,750661.0
2025-01-23 10:15:00-05:00,226.08,226.7,226.05,226.635,1052960.0
2025-01-23 10:20:00-05:00,226.6425,227.03,226.36,226.81,967045.0
2025-01-23 10:25:00-05:00,226.81,226.99,225.845,225.97,931058.0
2025-01-23 10:30:00-05:00,225.965,226.19,225.51,225.7993,799013.0
2025-01-23 10:35:00-05:00,225.8061,226.3625,225.6907,226.275,667799.0
2025-01-23 10:40:00-05:00,226.27,226.37,226.12,226.17,401549.0
2025-01-23 10:45:00-05:00,226.18,226.19,225.6408,225.66,444417.0
2025-01-23 10:50:00-05:00,225.66,225.84,225.21,225.265,702893.0
2025-01-23 10:55:00-05:00,225.26,225.42,225.1,225.3242,463994.0
2025-01-23 11:00:00-05:00,225.3337,225.41,225.08,225.25,413048.0
2025-01-23 11:05:00-05:00,225.26,225.28,224.75,224.9,633682.0
2025-01-23 11:10:00-05:00,224.9,225.16,224.67,224.95,543568.0
2025-01-23 11:15:00-05:00,224.95,224.95,224.51,224.5395,498789.0
2025-01-23 11:20:00-05:00,224.5382,224.78,224.37,224.7,467648.0
2025-01-23 11:25:00-05:00,224.69,225.22,224.69,225.175,625347.0
2025-01-23 11:30:00-05:00,225.16,225.195,224.46,224.49,528136.0
2025-01-23 11:35:00-05:00,224.49,224.53,224.1213,224.33,586397.0
2025-01-23 11:40:00-05:00,224.33,224.5901,224.31,224.43,373565.0
2025-01-23 11:45:00-05:00,224.45,224.59,224.25,224.32,356223.0
2025-01-23 11:50:00-05:00,224.32,224.3705,223.8,223.92,580552.0
2025-01-23 11:55:00-05:00,223.92,224.195,223.85,224.04,370532.0
2025-01-23 12:00:00-05:00,224.06,224.16,223.3857,223.42,488965.0
2025-01-23 12:05:00-05:00,223.43,223.93,223.41,223.9299,508619.0
2025-01-23 12:10:00-05:00,223.92,224.11,223.7853,224.1099,285266.0
2025-01-23 12:15:00-05:00,224.1011,224.13,223.78,223.85,565490.0
2025-01-23 12:20:00-05:00,223.86,223.915,223.5,223.535,320514.0
2025-01-23 12:25:00-05:00,223.5347,223.6905,223.485,223.57,299156.0
2025-01-23 12:30:00-05:00,223.565,223.6,223.32,223.5,494683.0
2025-01-23 12:35:00-05:00,223.5099,223.5099,223.19,223.2,377489.0
2025-01-23 12:40:00-05:00,223.2,223.47,223.195,223.43,324881.0
2025-01-23 12:45:00-05:00,223.41,223.53,223.31,223.4793,278448.0
2025-01-23 12:50:00-05:00,223.48,223.6799,223.39,223.64,294297.0
2025-01-23 12:55:00-05:00,223.65,223.72,223.54,223.695,1346876.0
2025-01-23 13:00:00-05:00,223.69,223.78,223.466,223.5,325597.0
2025-01-23 13:05:00-05:00,223.4974,223.61,223.4,223.5,293508.0
2025-01-23 13:10:00-05:00,223.51,223.76,223.48,223.72,244081.0
2025-01-23 13:15:00-05:00,223.7111,223.7111,223.45,223.59,305682.0
2025-01-23 13:20:00-05:00,223.61,223.71,223.5601,223.575,241980.0
2025-01-23 13:25:00-05:00,223.5714,223.63,223.49,223.55,206206.0
2025-01-23 13:30:00-05:00,223.56,223.64,223.51,223.5748,199656.0
2025-01-23 13:35:00-05:00,223.58,223.63,223.23,223.29,425974.0
2025-01-23 13:40:00-05:00,223.285,223.4432,223.25,223.385,237839.0
2025-01-23 13:45:00-05:00,223.38,223.45,223.01,223.07,534456.0
2025-01-23 13:50:00-05:00,223.09,223.27,223.08,223.24,300139.0
2025-01-23 13:55:00-05:00,223.2321,223.25,223.06,223.0743,217685.0
2025-01-23 14:00:00-05:00,223.075,223.1599,222.901,222.9507,399355.0
2025-01-23 14:05:00-05:00,222.95,222.96,222.6,222.6,461085.0
2025-01-23 14:10:00-05:00,222.605,222.745,222.5,222.64,437621.0
2025-01-23 14:15:00-05:00,222.6599,222.6834,222.51,222.53,316894.0
2025-01-23 14:20:00-05:00,222.52,222.89,222.43,222.8638,507641.0
2025-01-23 14:25:00-05:00,222.8611,223.005,222.77,222.8,429251.0
2025-01-23 14:30:00-05:00,222.81,222.97,222.75,222.795,296241.0
2025-01-23 14:35:00-05:00,222.8,222.84,222.67,222.8,407784.0
2025-01-23 14:40:00-05:00,222.8,222.84,222.575,222.65,354101.0
2025-01-23 14:45:00-05:00,222.65,222.7416,222.64,222.69,353439.0
2025-01-23 14:50:00-05:00,222.7016,222.8,222.67,222.8,270701.0
2025-01-23 14:55:00-05:00,222.79,222.85,222.695,222.75,289983.0
2025-01-23 15:00:00-05:00,222.74,223.0,222.6805,222.9613,308981.0
2025-01-23 15:05:00-05:00,222.9698,223.13,222.84,222.895,465823.0
2025-01-23 15:10:00-05:00,222.8997,223.0,222.84,222.9087,316695.0
2025-01-23 15:15:00-05:00,222.91,222.96,222.87,222.9445,287035.0
2025-01-23 15:20:00-05:00,222.95,223.05,222.9,222.976034,338728.0
2025-01-23 15:25:00-05:00,222.975,223.17,222.84,222.88,406956.0
2025-01-23 15:30:00-05:00,222.87,222.94,222.6001,222.66,438964.0
2025-01-23 15:35:00-05:00,222.66,222.66,222.41,222.585,404558.0
2025-01-23 15:40:00-05:00,222.585,222.6785,222.3,222.36,565074.0
2025-01-23 15:45:00-05:00,222.37,222.62,222.37,222.605,556467.0
2025-01-23 15:50:00-05:00,222.6,223.4,222.55,222.8548,1509911.0
2025-01-23 15:55:00-05:00,222.855,223.65,222.81,223.65,3436172.0
2025-01-23 16:00:00-05:00,223.66,223.9,223.0,223.47,2132160.0
2025-01-23 16:05:00-05:00,223.45,223.52,223.2,223.31,25720.0
2025-01-23 16:10:00-05:00,223.2988,223.66,223.23,223.2322,259501.0
2025-01-23 16:15:00-05:00,223.23,223.34,223.23,223.34,4933.0
2025-01-23 16:20:00-05:00,223.31,223.38,223.24,223.24,5159.0
2025-01-23 16:25:00-05:00,223.23,223.23,223.1,223.2,29680.0
2025-01-23 16:30:00-05:00,223.2,223.66,223.1893,223.19,9372.0
2025-01-23 16:35:00-05:00,223.19,223.66,223.16,223.3,13048.0
2025-01-23 16:40:00-05:00,223.2511,223.29,223.1835,223.25,4042.0
2025-01-23 16:45:00-05:00,223.22,223.22,223.06,223.15,1247644.0
2025-01-23 16:50:00-05:00,223.2,223.33,223.2,223.25,11953.0
2025-01-23 16:55:00-05:00,223.2503,223.66,223.2503,223.3584,10088.0
2025-01-23 17:00:00-05:00,223.32,223.3766,223.32,223.37,4128.0
2025-01-23 17:05:00-05:00,223.3964,223.4,223.36,223.4,2663.0
2025-01-23 17:10:00-05:00,223.38,223.4,223.3605,223.4,2986.0
2025-01-23 17:15:00-05:00,223.39,223.43,223.39,223.43,1758.0
2025-01-23 17:20:00-05:00,223.44,223.45,223.38,223.4,4907.0
2025-01-23 17:25:00-05:00,223.42,223.42,223.4,223.4,1760.0
2025-01-23 17:30:00-05:00,223.4,223.4,223.38,223.38,4470.0
2025-01-23 17:35:00-05:00,223.38,223.4,223.38,223.4,3264.0
2025-01-23 17:40:00-05:00,223.3824,223.4796,223.3824,223.4502,2658.0
2025-01-23 17:45:00-05:00,223.44,223.4401,223.42,223.42,955.0
2025-01-23 17:50:00-05:00,223.4,223.4,223.39,223.391,1138.0
2025-01-23 17:55:00-05:00,223.42,223.48,223.42,223.45,2364.0
2025-01-23 18:00:00-05:00,223.49,223.49,223.4,223.4,1648.0
2025-01-23 18:05:00-05:00,223.4,223.4,223.322,223.4,2803.0
2025-01-23 18:10:00-05:00,223.34,223.3599,223.32,223.32,2926.0
2025-01-23 18:15:00-05:00,223.3112,223.3112,223.25,223.3,2375.0
2025-01-23 18:20:00-05:00,223.2984,223.3,223.28,223.3,2503.0
2025-01-23 18:25:00-05:00,223.3,223.36,223.3,223.36,1960.0
2025-01-23 18:30:00-05:00,223.3561,223.36,223.3,223.36,3071.0
2025-01-23 18:35:00-05:00,223.32,223.35,223.32,223.35,3147.0
2025-01-23 18:40:00-05:00,223.35,223.4,223.35,223.38,1360.0
2025-01-23 18:45:00-05:00,223.35,223.4413,223.35,223.35,1048.0
2025-01-23 18:50:00-05:00,223.33,223.33,223.26,223.26,2753.0
2025-01-23 18:55:00-05:00,223.2188,223.255,223.2188,223.255,1955.0
2025-01-23 19:00:00-05:00,223.2601,223.35,223.2601,223.35,1243.0
2025-01-23 19:05:00-05:00,223.27,223.28,223.15,223.28,2366.0
2025-01-23 19:10:00-05:00,223.3,223.34,223.21,223.26,1129.0
2025-01-23 19:15:00-05:00,223.26,223.3377,223.26,223.3377,1041.0
2025-01-23 19:20:00-05:00,223.2991,223.2991,223.2701,223.2701,1036.0
2025-01-23 19:25:00-05:00,223.25,223.2975,223.25,223.252,466.0
2025-01-23 19:30:00-05:00,223.2,223.2,223.19,223.19,1730.0
2025-01-23 19:35:00-05:00,223.19,223.2,223.1512,223.1512,3326.0
2025-01-23 19:40:00-05:00,223.2,223.25,223.1988,223.2,2058.0
2025-01-23 19:45:00-05:00,223.21,223.25,223.2012,223.2207,2179.0
2025-01-23 19:50:00-05:00,223.2201,223.25,223.2,223.2,6412.0
2025-01-23 19:55:00-05:00,223.25,223.25,223.2,223.24,6588.0
2025-01-24 04:00:00-05:00,223.2,223.44,223.12,223.2,8052.0
2025-01-24 04:05:00-05:00,223.27,223.42,223.27,223.42,4046.0
2025-01-24 04:10:00-05:00,223.37,223.41,223.37,223.38,2216.0
2025-01-24 04:15:00-05:00,223.42,223.53,223.42,223.53,2649.0
2025-01-24 04:20:00-05:00,223.58,223.58,223.52,223.55,6045.0
2025-01-24 04:25:00-05:00,223.57,223.6,223.56,223.6,3626.0
2025-01-24 04:30:00-05:00,223.62,223.64,223.53,223.53,3803.0
2025-01-24 04:35:00-05:00,223.6,223.6,223.45,223.46,2625.0
2025-01-24 04:40:00-05:00,223.46,223.8,223.43,223.8,15211.0
2025-01-24 04:45:00-05:00,223.81,224.32,223.8,224.25,14007.0
2025-01-24 04:50:00-05:00,224.16,224.16,224.03,224.03,3188.0
2025-01-24 04:55:00-05:00,223.87,223.87,223.6,223.72,2684.0
2025-01-24 05:00:00-05:00,223.65,223.81,223.65,223.75,2714.0
2025-01-24 05:05:00-05:00,223.78,223.82,223.73,223.82,1738.0
2025-01-24 05:10:00-05:00,223.87,223.99,223.86,223.99,4486.0
2025-01-24 05:15:00-05:00,223.88,223.91,223.86,223.86,1773.0
2025-01-24 05:20:00-05:00,223.85,223.85,223.85,223.85,444.0
2025-01-24 05:25:00-05:00,223.9,223.92,223.83,223.83,3383.0
2025-01-24 05:30:00-05:00,223.81,223.81,223.77,223.79,1588.0
2025-01-24 05:35:00-05:00,223.84,223.85,223.71,223.79,3206.0
2025-01-24 05:40:00-05:00,223.78,223.81,223.78,223.81,1270.0
2025-01-24 05:45:00-05:00,223.88,223.89,223.87,223.87,5290.0
2025-01-24 05:50:00-05:00,223.89,223.89,223.89,223.89,547.0
2025-01-24 05:55:00-05:00,223.93,224.06,223.93,224.06,1859.0
2025-01-24 06:00:00-05:00,224.18,224.2,224.05,224.09,2961.0
2025-01-24 06:05:00-05:00,224.1,224.1,224.05,224.05,2187.0
2025-01-24 06:10:00-05:00,224.04,224.06,224.01,224.06,1604.0
2025-01-24 06:15:00-05:00,224.05,224.1,224.05,224.07,2005.0
2025-01-24 06:20:00-05:00,224.1,224.1,224.06,224.06,1606.0
2025-01-24 06:25:00-05:00,224.06,224.08,224.01,224.05,2923.0
2025-01-24 06:30:00-05:00,224.07,224.74,224.06,224.59,25471.0
2025-01-24 06:35:00-05:00,224.6,225.01,224.6,225.01,33855.0
2025-01-24 06:40:00-05:00,225.01,225.01,224.81,224.94,9742.0
2025-01-24 06:45:00-05:00,224.93,225.5,224.88,225.26,15424.0
2025-01-24 06:50:00-05:00,225.23,225.23,225.0,225.02,11103.0
2025-01-24 06:55:00-05:00,225.0,225.35,224.97,225.25,25376.0
2025-01-24 07:00:00-05:00,225.15,225.25,224.66,224.93,28721.0
2025-01-24 07:05:00-05:00,224.94,225.01,224.81,224.99,10469.0
2025-01-24 07:10:00-05:00,225.0,225.13,224.92,224.92,12571.0
2025-01-24 07:15:00-05:00,224.95,225.35,224.95,225.31,29202.0
2025-01-24 07:20:00-05:00,225.33,225.42,225.11,225.11,20530.0
2025-01-24 07:25:00-05:00,225.19,225.32,225.06,225.29,18248.0
2025-01-24 07:30:00-05:00,225.29,225.29,225.15,225.28,11195.0
2025-01-24 07:35:00-05:00,225.14,225.2,224.86,225.2,21919.0
2025-01-24 07:40:00-05:00,225.1,225.1,224.97,225.1,5133.0
2025-01-24 07:45:00-05:00,225.1,225.25,224.98,225.1,14639.0
2025-01-24 07:50:00-05:00,225.15,225.15,225.02,225.06,5703.0
2025-01-24 07:55:00-05:00,225.0,225.14,224.99,225.09,14258.0
2025-01-24 08:00:00-05:00,225.125,225.35,223.25,225.2306,132719.0
2025-01-24 08:05:00-05:00,225.25,225.35,225.2302,225.3,36329.0
2025-01-24 08:10:00-05:00,225.35,225.5,225.3,225.4002,37896.0
2025-01-24 08:15:00-05:00,225.44,225.5482,225.4001,225.4999,48148.0
2025-01-24 08:20:00-05:00,225.5,225.52,225.45,225.47,21321.0
2025-01-24 08:25:00-05:00,225.47,225.5,225.44,225.5,25720.0
2025-01-24 08:30:00-05:00,225.5199,225.5199,225.47,225.49,24296.0
2025-01-24 08:35:00-05:00,225.48,225.5193,225.43,225.4593,16092.0
2025-01-24 08:40:00-05:00,225.46,225.5,225.41,225.5,29046.0
2025-01-24 08:45:00-05:00,225.5,225.7,225.49,225.63,40929.0
2025-01-24 08:50:00-05:00,225.65,225.75,225.61,225.63,27909.0
2025-01-24 08:55:00-05:00,225.73,225.846,225.7,225.76,23197.0
2025-01-24 09:00:00-05:00,225.76,226.06,225.72,226.05,1065984.0
2025-01-24 09:05:00-05:00,226.0,226.29,225.98,226.18,142355.0
2025-01-24 09:10:00-05:00,226.2,226.22,226.02,226.035,70887.0
2025-01-24 09:15:00-05:00,226.035,226.25,226.02,226.21,40044.0
2025-01-24 09:20:00-05:00,226.21,226.21,226.01,226.07,42856.0
2025-01-24 09:25:00-05:00,226.07,226.07,224.56,224.78,347721.0
2025-01-24 09:30:00-05:00,224.78,225.63,224.395,224.515,3537366.0
2025-01-24 09:35:00-05:00,224.48,224.89,224.33,224.8799,889132.0
2025-01-24 09:40:00-05:00,224.875,225.18,224.65,225.095,827846.0
2025-01-24 09:45:00-05:00,225.13,225.425,224.65,224.81,951208.0
2025-01-24 09:50:00-05:00,224.81,224.9193,224.46,224.77,614062.0
2025-01-24 09:55:00-05:00,224.76,224.788,224.31,224.51,578897.0
2025-01-24 10:00:00-05:00,224.525,224.59,223.57,223.69,1225315.0
2025-01-24 10:05:00-05:00,223.685,223.71,223.285,223.4,917781.0
2025-01-24 10:10:00-05:00,223.395,223.54,222.9,223.255,993326.0
2025-01-24 10:15:00-05:00,223.2599,223.37,223.0,223.18,651995.0
2025-01-24 10:20:00-05:00,223.18,223.18,222.71,223.015,791741.0
2025-01-24 10:25:00-05:00,223.015,223.1,222.5301,222.73,644586.0
2025-01-24 10:30:00-05:00,222.735,223.11,222.66,223.0401,546629.0
2025-01-24 10:35:00-05:00,223.04,223.24,222.97,223.19,543554.0
2025-01-24 10:40:00-05:00,223.19,223.37,222.95,223.215,707553.0
2025-01-24 10:45:00-05:00,223.215,223.34,223.1,223.2599,338126.0
2025-01-24 10:50:00-05:00,223.26,223.33,222.97,222.97,537359.0
2025-01-24 10:55:00-05:00,222.97,223.32,222.94,223.065,373924.0
2025-01-24 11:00:00-05:00,223.065,223.1,222.46,222.5438,588360.0
2025-01-24 11:05:00-05:00,222.53,222.8669,222.38,222.82,443119.0
2025-01-24 11:10:00-05:00,222.82,222.9466,222.57,222.68,491557.0
2025-01-24 11:15:00-05:00,222.67,222.74,222.6,222.64,436435.0
2025-01-24 11:20:00-05:00,222.65,222.7,222.45,222.47,579456.0
2025-01-24 11:25:00-05:00,222.485,222.79,222.3501,222.76,504416.0
2025-01-24 11:30:00-05:00,222.765,222.91,222.6905,222.7,368605.0
2025-01-24 11:35:00-05:00,222.71,223.1499,222.6,223.13,407370.0
2025-01-24 11:40:00-05:00,223.13,223.46,223.06,223.416491,805143.0
2025-01-24 11:45:00-05:00,223.43,223.45,223.07,223.07,319609.0
2025-01-24 11:50:00-05:00,223.07,223.49,222.92,223.0,654228.0
2025-01-24 11:55:00-05:00,223.0,223.09,222.655,222.73,408216.0
2025-01-24 12:00:00-05:00,222.7399,222.88,222.66,222.815,351364.0
2025-01-24 12:05:00-05:00,222.825,223.04,222.73,223.015,260896.0
2025-01-24 12:10:00-05:00,223.0,223.27,222.96,223.1105,265422.0
2025-01-24 12:15:00-05:00,223.1101,223.19,222.8838,222.915,290592.0
2025-01-24 12:20:00-05:00,222.92,223.02,222.84,222.88,293054.0
2025-01-24 12:25:00-05:00,222.88,222.89,222.14,222.28,642821.0
2025-01-24 12:30:00-05:00,222.28,222.329,222.082,222.25,394610.0
2025-01-24 12:35:00-05:00,222.255,222.28,222.16,222.19,224033.0
2025-01-24 12:40:00-05:00,222.2,222.41,221.94,222.3401,543607.0
2025-01-24 12:45:00-05:00,222.35,222.69,222.35,222.59,370782.0
2025-01-24 12:50:00-05:00,222.58,222.68,222.4435,222.66,267452.0
2025-01-24 12:55:00-05:00,222.665,222.7245,222.34,222.4,353504.0
2025-01-24 13:00:00-05:00,222.4099,222.56,222.3,222.3178,212734.0
2025-01-24 13:05:00-05:00,222.34,222.34,222.09,222.09,308853.0
2025-01-24 13:10:00-05:00,222.105,222.2342,222.0201,222.21,219851.0
2025-01-24 13:15:00-05:00,222.23,222.29,222.175,222.24,225741.0
2025-01-24 13:20:00-05:00,222.24,222.3899,222.21,222.27,193332.0
2025-01-24 13:25:00-05:00,222.27,222.3,222.06,222.16,272021.0
2025-01-24 13:30:00-05:00,222.14,222.27,222.115,222.13,222285.0
2025-01-24 13:35:00-05:00,222.135,222.35,222.07,222.35,244847.0
2025-01-24 13:40:00-05:00,222.35,222.36,222.23,222.32,152807.0
2025-01-24 13:45:00-05:00,222.31,222.54,222.28,222.523,295756.0
2025-01-24 13:50:00-05:00,222.5211,222.55,222.27,222.32,221486.0
2025-01-24 13:55:00-05:00,222.3282,222.355,221.92,222.05,375270.0
2025-01-24 14:00:00-05:00,222.06,222.34,222.02,222.23,261079.0
2025-01-24 14:05:00-05:00,222.24,222.35,222.15,222.2,252279.0
2025-01-24 14:10:00-05:00,222.215,222.24,222.07,222.2371,259694.0
2025-01-24 14:15:00-05:00,222.2203,222.33,222.18,222.29,153780.0
2025-01-24 14:20:00-05:00,222.2962,222.36,222.25,222.32,202228.0
2025-01-24 14:25:00-05:00,222.32,222.4,222.29,222.365,271232.0
2025-01-24 14:30:00-05:00,222.35,222.68,222.32,222.61,338065.0
2025-01-24 14:35:00-05:00,222.615,222.74,222.61,222.63,307675.0
2025-01-24 14:40:00-05:00,222.63,222.76,222.56,222.71,292918.0
2025-01-24 14:45:00-05:00,222.71,222.75,222.59,222.74,264166.0
2025-01-24 14:50:00-05:00,222.72,222.88,222.72,222.845,240844.0
2025-01-24 14:55:00-05:00,222.85,222.86,222.56,222.56,394244.0
2025-01-24 15:00:00-05:00,222.5517,222.8555,222.46,222.79,313980.0
2025-01-24 15:05:00-05:00,222.79,222.86,222.71,222.7995,274312.0
2025-01-24 15:10:00-05:00,222.8,222.8899,222.695,222.87,309595.0
2025-01-24 15:15:00-05:00,222.86,222.92,222.75,222.76,331016.0
2025-01-24 15:20:00-05:00,222.77,222.93,222.71,222.76,346069.0
2025-01-24 15:25:00-05:00,222.781,222.82,221.41,222.32,1273691.0
2025-01-24 15:30:00-05:00,222.315,222.5297,222.3,222.46,460302.0
2025-01-24 15:35:00-05:00,222.46,222.5099,222.2185,222.365,382672.0
2025-01-24 15:40:00-05:00,222.36,222.4,222.2,222.27,492883.0
2025-01-24 15:45:00-05:00,222.26,222.6,222.25,222.53,636856.0
2025-01-24 15:50:00-05:00,222.53,222.96,222.41,222.84,1004597.0
2025-01-24 15:55:00-05:00,222.84,223.045,222.27,222.79,2261490.0
2025-01-24 16:00:00-05:00,222.78,222.9,222.47,222.5,373131.0
2025-01-24 16:05:00-05:00,222.58,222.78,222.5362,222.75,19644.0
2025-01-24 16:10:00-05:00,222.75,222.83,222.7,222.8,24868.0
2025-01-24 16:15:00-05:00,222.7999,222.8693,222.79,222.84,15082.0
2025-01-24 16:20:00-05:00,222.85,222.87,222.78,222.84,5778.0
2025-01-24 16:25:00-05:00,222.77,222.7997,222.6068,222.65,13179.0
2025-01-24 16:30:00-05:00,222.6602,222.85,222.65,222.7399,8546.0
2025-01-24 16:35:00-05:00,222.78,222.78,222.65,222.65,30889.0
2025-01-24 16:40:00-05:00,222.66,222.72,222.65,222.7,1058653.0
2025-01-24 16:45:00-05:00,222.7,222.7,222.5122,222.6,17283.0
2025-01-24 16:50:00-05:00,222.5896,222.59,222.5887,222.5887,2630.0
2025-01-24 16:55:00-05:00,222.56,222.56,222.5205,222.56,7686.0
2025-01-24 17:00:00-05:00,222.56,222.56,222.5397,222.54,2941.0
2025-01-24 17:05:00-05:00,222.54,222.55,222.53,222.5495,10978.0
2025-01-24 17:10:00-05:00,222.55,222.55,222.5155,222.5155,3836.0
2025-01-24 17:15:00-05:00,222.5105,222.53,222.51,222.51,3110.0
2025-01-24 17:20:00-05:00,222.5,222.51,222.45,222.51,3562.0
2025-01-24 17:25:00-05:00,222.4801,222.4899,222.4801,222.4899,2055.0
2025-01-24 17:30:00-05:00,222.49,222.5,222.46,222.5,2688.0
2025-01-24 17:35:00-05:00,222.5,222.5,222.45,222.49,2524.0
2025-01-24 17:40:00-05:00,222.42,222.45,222.36,222.36,3551.0
2025-01-24 17:45:00-05:00,222.43,222.44,222.402,222.44,1944.0
2025-01-24 17:50:00-05:00,222.4,222.4,222.3,222.31,8586.0
2025-01-24 17:55:00-05:00,222.4237,222.47,222.4237,222.47,912.0
2025-01-24 18:00:00-05:00,222.35,222.38,222.35,222.3512,856.0
2025-01-24 18:05:00-05:00,222.3101,222.39,222.3101,222.39,1772.0
2025-01-24 18:10:00-05:00,222.37,222.4,222.37,222.4,2674.0
2025-01-24 18:15:00-05:00,222.4,222.45,222.39,222.39,1155.0
2025-01-24 18:20:00-05:00,222.37,222.37,222.31,222.31,2036.0
2025-01-24 18:30:00-05:00,222.35,222.3599,222.31,222.31,3473.0
2025-01-24 18:35:00-05:00,222.3112,222.32,222.3,222.32,2109.0
2025-01-24 18:40:00-05:00,222.28,222.29,222.26,222.26,2058.0
2025-01-24 18:45:00-05:00,222.2599,222.2599,222.0,222.15,19707.0
2025-01-24 18:50:00-05:00,222.08,222.25,222.08,222.25,1900.0
2025-01-24 18:55:00-05:00,222.13,222.15,222.13,222.15,1044.0
2025-01-24 19:00:00-05:00,222.2,222.25,222.1263,222.2,4246.0
2025-01-24 19:05:00-05:00,222.2391,222.2391,222.2378,222.2378,321.0
2025-01-24 19:10:00-05:00,222.2299,222.2299,222.2,222.2,1794.0
2025-01-24 19:15:00-05:00,222.22,222.25,222.22,222.25,2179.0
2025-01-24 19:20:00-05:00,222.23,222.23,222.172,222.172,3514.0
2025-01-24 19:25:00-05:00,222.25,222.34,222.2142,222.2142,2978.0
2025-01-24 19:30:00-05:00,222.3,222.3383,222.2,222.3383,558.0
2025-01-24 19:35:00-05:00,222.2838,222.3352,222.2838,222.33,1496.0
2025-01-24 19:40:00-05:00,222.33,222.33,222.3,222.3001,1864.0
2025-01-24 19:45:00-05:00,222.3199,222.3399,222.3,222.3,4539.0
2025-01-24 19:50:00-05:00,222.29,222.3,222.21,222.25,6272.0
2025-01-24 19:55:00-05:00,222.2496,222.25,222.03,222.17,8269.0
2025-01-27 04:00:00-05:00,219.9,219.9,218.2,219.04,58378.0
2025-01-27 04:05:00-05:00,219.08,220.11,219.04,219.96,25846.0
2025-01-27 04:10:00-05:00,219.84,220.24,219.65,219.65,19713.0
2025-01-27 04:15:00-05:00,219.85,220.23,219.6,219.89,33370.0
2025-01-27 04:20:00-05:00,219.72,220.3,219.55,220.2,18748.0
2025-01-27 04:25:00-05:00,220.11,220.29,220.1,220.2,11436.0
2025-01-27 04:30:00-05:00,220.02,220.02,219.75,220.0,9560.0
2025-01-27 04:35:00-05:00,220.02,220.15,220.0,220.15,3555.0
2025-01-27 04:40:00-05:00,220.22,220.22,220.1,220.14,7019.0
2025-01-27 04:45:00-05:00,220.23,220.23,220.0,220.1,16504.0
2025-01-27 04:50:00-05:00,220.15,220.7,220.15,220.7,15235.0
2025-01-27 04:55:00-05:00,220.53,220.94,220.53,220.89,22112.0
2025-01-27 05:00:00-05:00,220.88,220.94,220.51,220.65,22286.0
2025-01-27 05:05:00-05:00,220.65,220.9,220.65,220.85,16635.0
2025-01-27 05:10:00-05:00,220.85,220.91,220.81,220.84,7607.0
2025-01-27 05:15:00-05:00,220.8,220.8,220.39,220.48,30957.0
2025-01-27 05:20:00-05:00,220.35,220.79,220.21,220.69,24341.0
2025-01-27 05:25:00-05:00,220.84,220.99,220.68,220.79,18058.0
2025-01-27 05:30:00-05:00,220.79,220.8,220.75,220.77,24157.0
2025-01-27 05:35:00-05:00,220.75,221.09,220.63,221.09,27732.0
2025-01-27 05:40:00-05:00,221.12,221.17,220.59,220.6,8805.0
2025-01-27 05:45:00-05:00,220.48,220.51,220.17,220.31,16577.0
2025-01-27 05:50:00-05:00,220.31,220.39,220.08,220.1,43423.0
2025-01-27 05:55:00-05:00,220.12,221.84,220.09,221.51,42072.0
2025-01-27 06:00:00-05:00,221.51,222.59,221.32,221.94,40238.0
2025-01-27 06:05:00-05:00,221.94,222.45,220.45,222.26,34461.0
2025-01-27 06:10:00-05:00,222.14,222.27,221.98,222.22,18535.0
2025-01-27 06:15:00-05:00,222.22,222.22,222.0,222.0,17315.0
2025-01-27 06:20:00-05:00,222.01,222.09,221.56,221.9,37746.0
2025-01-27 06:25:00-05:00,221.83,222.14,221.54,222.12,32904.0
2025-01-27 06:30:00-05:00,222.13,222.35,222.03,222.33,39394.0
2025-01-27 06:35:00-05:00,222.29,223.0,222.29,222.75,53846.0
2025-01-27 06:40:00-05:00,222.59,222.59,221.77,221.77,10762.0
2025-01-27 06:45:00-05:00,221.8,222.7,221.73,222.13,29189.0
2025-01-27 06:50:00-05:00,222.16,222.34,222.0,222.15,38963.0
2025-01-27 06:55:00-05:00,222.16,222.18,221.8,221.8,13364.0
2025-01-27 07:00:00-05:00,221.81,221.92,221.0,221.33,37662.0
2025-01-27 07:05:00-05:00,221.18,221.18,221.0,221.06,24557.0
2025-01-27 07:10:00-05:00,221.07,221.13,220.88,221.1,31276.0
2025-01-27 07:15:00-05:00,221.1,221.26,221.08,221.26,39628.0
2025-01-27 07:20:00-05:00,221.26,221.5,221.13,221.41,22607.0
2025-01-27 07:25:00-05:00,221.35,221.65,221.35,221.55,22082.0
2025-01-27 07:30:00-05:00,221.48,221.6,221.36,221.5,30361.0
2025-01-27 07:35:00-05:00,221.51,221.6,221.49,221.54,17131.0
2025-01-27 07:40:00-05:00,221.55,221.61,221.06,221.12,118789.0
2025-01-27 07:45:00-05:00,221.11,221.21,220.77,221.16,22170.0
2025-01-27 07:50:00-05:00,221.04,222.01,221.04,222.0,66823.0
2025-01-27 07:55:00-05:00,222.0,222.06,222.0,222.04,27032.0
2025-01-27 08:00:00-05:00,221.26,222.7,218.06,221.9001,279551.0
2025-01-27 08:05:00-05:00,221.9025,222.96,221.9025,222.56,100837.0
2025-01-27 08:10:00-05:00,222.58,223.4397,222.58,223.2,139668.0
2025-01-27 08:15:00-05:00,223.2,223.49,223.11,223.11,973190.0
2025-01-27 08:20:00-05:00,223.17,223.62,223.11,223.11,57735.0
2025-01-27 08:25:00-05:00,223.13,223.38,222.86,223.007,49925.0
2025-01-27 08:30:00-05:00,223.02,223.02,222.0,222.1503,48116.0
2025-01-27 08:35:00-05:00,222.16,222.41,222.0,222.07,38561.0
2025-01-27 08:40:00-05:00,222.0501,222.258,222.0,222.11,24623.0
2025-01-27 08:45:00-05:00,222.25,222.4,222.1557,222.3294,19024.0
2025-01-27 08:50:00-05:00,222.2,222.78,222.1,222.37,142447.0
2025-01-27 08:55:00-05:00,222.39,223.26,222.35,223.26,67503.0
2025-01-27 09:00:00-05:00,223.21,223.2598,222.98,222.99,84849.0
2025-01-27 09:05:00-05:00,223.01,223.0988,222.56,222.7,47316.0
2025-01-27 09:10:00-05:00,222.77,223.05,222.76,223.0307,43300.0
2025-01-27 09:15:00-05:00,223.05,223.2,222.4,222.43,65079.0
2025-01-27 09:20:00-05:00,222.41,223.1758,222.32,222.88,172411.0
2025-01-27 09:25:00-05:00,222.87,224.24,222.01,224.12,205293.0
2025-01-27 09:30:00-05:00,224.02,226.99,223.98,226.47,4964764.0
2025-01-27 09:35:00-05:00,226.52,226.72,225.35,225.54,2637316.0
2025-01-27 09:40:00-05:00,225.54,227.38,225.54,226.7205,2141376.0
2025-01-27 09:45:00-05:00,226.75,227.6214,226.7126,227.415,1738734.0
2025-01-27 09:50:00-05:00,227.39,227.7,226.98,227.44,1376325.0
2025-01-27 09:55:00-05:00,227.445,227.455,225.42,225.66,1238607.0
2025-01-27 10:00:00-05:00,225.65,225.65,224.9506,225.31,1060942.0
2025-01-27 10:05:00-05:00,225.3007,226.04,225.11,225.375,863832.0
2025-01-27 10:10:00-05:00,225.374613,225.635,224.82,225.19,718256.0
2025-01-27 10:15:00-05:00,225.195,225.69,225.05,225.65,551741.0
2025-01-27 10:20:00-05:00,225.6415,226.3,225.55,226.19,851452.0
2025-01-27 10:25:00-05:00,226.19,227.2923,226.06,227.2923,818348.0
2025-01-27 10:30:00-05:00,227.3,228.18,227.09,228.05,1220278.0
2025-01-27 10:35:00-05:00,228.07,228.53,227.97,228.17,1044293.0
2025-01-27 10:40:00-05:00,228.16,228.5876,227.79,227.88,845546.0
2025-01-27 10:45:00-05:00,227.89,227.95,227.3405,227.49,836900.0
2025-01-27 10:50:00-05:00,227.5,228.18,227.26,228.12,779882.0
2025-01-27 10:55:00-05:00,228.115,228.22,227.58,227.79,608486.0
2025-01-27 11:00:00-05:00,227.76,228.17,227.71,228.15,586558.0
2025-01-27 11:05:00-05:00,228.18,228.7719,228.06,228.68,927563.0
2025-01-27 11:10:00-05:00,228.68,228.83,227.83,227.85,868344.0
2025-01-27 11:15:00-05:00,227.835,228.3399,227.51,227.62,670896.0
2025-01-27 11:20:00-05:00,227.64,228.29,227.625,228.13,574474.0
2025-01-27 11:25:00-05:00,228.14,228.55,227.99,228.4938,601677.0
2025-01-27 11:30:00-05:00,228.485,228.63,228.23,228.57,581757.0
2025-01-27 11:35:00-05:00,228.58,229.29,228.34,229.2,916727.0
2025-01-27 11:40:00-05:00,229.18,229.6,229.06,229.6,841374.0
2025-01-27 11:45:00-05:00,229.585,229.78,229.3605,229.51,845203.0
2025-01-27 11:50:00-05:00,229.51,229.53,228.51,228.53,1099378.0
2025-01-27 11:55:00-05:00,228.5289,229.17,228.18,228.445,951907.0
2025-01-27 12:00:00-05:00,228.4661,228.95,228.29,228.8568,507889.0
2025-01-27 12:05:00-05:00,228.85,229.04,228.37,228.57,562112.0
2025-01-27 12:10:00-05:00,228.57,229.2999,228.53,229.14,424246.0
2025-01-27 12:15:00-05:00,229.17,229.24,228.86,229.17,354674.0
2025-01-27 12:20:00-05:00,229.175,229.37,229.03,229.3355,362590.0
2025-01-27 12:25:00-05:00,229.33,230.14,229.19,230.09,1076150.0
2025-01-27 12:30:00-05:00,230.09,230.3505,229.94,230.34,628880.0
2025-01-27 12:35:00-05:00,230.33,230.47,230.01,230.095,645784.0
2025-01-27 12:40:00-05:00,230.0801,230.38,230.0801,230.295,444030.0
2025-01-27 12:45:00-05:00,230.295,230.48,229.97,230.355,557546.0
2025-01-27 12:50:00-05:00,230.36,230.41,229.8105,230.09,616550.0
2025-01-27 12:55:00-05:00,230.1,230.23,229.97,230.15,492737.0
2025-01-27 13:00:00-05:00,230.18,230.8,230.07,230.65,635384.0
2025-01-27 13:05:00-05:00,230.65,230.88,230.3,230.49,580805.0
2025-01-27 13:10:00-05:00,230.485,230.86,230.43,230.6701,388038.0
2025-01-27 13:15:00-05:00,230.69,230.99,230.5,230.65,535757.0
2025-01-27 13:20:00-05:00,230.65,231.38,230.65,231.221,802833.0
2025-01-27 13:25:00-05:00,231.2209,231.37,231.05,231.32,437389.0
2025-01-27 13:30:00-05:00,231.3,231.68,231.24,231.3536,689578.0
2025-01-27 13:35:00-05:00,231.345,231.79,231.345,231.41,641607.0
2025-01-27 13:40:00-05:00,231.393,231.68,231.13,231.34,913085.0
2025-01-27 13:45:00-05:00,231.33,231.46,231.01,231.16,551313.0
2025-01-27 13:50:00-05:00,231.1557,231.64,231.05,231.47,570900.0
2025-01-27 13:55:00-05:00,231.465,231.665,231.24,231.435,528300.0
2025-01-27 14:00:00-05:00,231.431,231.62,231.25,231.365,506548.0
2025-01-27 14:05:00-05:00,231.36,231.41,230.99,231.13,577327.0
2025-01-27 14:10:00-05:00,231.155,231.31,231.01,231.14,403767.0
2025-01-27 14:15:00-05:00,231.18,231.6699,231.13,231.64,480946.0
2025-01-27 14:20:00-05:00,231.63,231.79,231.535,231.68,472564.0
2025-01-27 14:25:00-05:00,231.66,232.15,231.65,232.03,744690.0
2025-01-27 14:30:00-05:00,232.03,232.03,231.32,231.43,578988.0
2025-01-27 14:35:00-05:00,231.43,231.65,231.29,231.535,507474.0
2025-01-27 14:40:00-05:00,231.55,231.67,231.12,231.2,489332.0
2025-01-27 14:45:00-05:00,231.2,231.2,230.44,230.54,648703.0
2025-01-27 14:50:00-05:00,230.54,230.94,230.14,230.87,583152.0
2025-01-27 14:55:00-05:00,230.89,231.68,230.86,231.58,666596.0
2025-01-27 15:00:00-05:00,231.57,231.91,231.34,231.86,660557.0
2025-01-27 15:05:00-05:00,231.85,231.9,231.06,231.47,1041416.0
2025-01-27 15:10:00-05:00,231.47,231.55,230.85,231.01,727083.0
2025-01-27 15:15:00-05:00,230.99,230.995,230.18,230.51,1276528.0
2025-01-27 15:20:00-05:00,230.51,231.37,230.48,231.215,858844.0
2025-01-27 15:25:00-05:00,231.215,231.71,230.38,230.68,1375709.0
2025-01-27 15:30:00-05:00,230.68,230.91,230.54,230.78,887591.0
2025-01-27 15:35:00-05:00,230.78,231.38,230.78,231.12,786650.0
2025-01-27 15:40:00-05:00,231.11,231.21,230.725,230.89,726537.0
2025-01-27 15:45:00-05:00,230.87,230.93,230.05,230.18,1089968.0
2025-01-27 15:50:00-05:00,230.2,230.2,228.48,229.59,3039206.0
2025-01-27 15:55:00-05:00,229.62,230.07,229.11,229.94,4285855.0
2025-01-27 16:00:00-05:00,229.86,230.31,229.6,230.31,532250.0
2025-01-27 16:05:00-05:00,230.1,230.4,229.86,230.19,37155.0
2025-01-27 16:10:00-05:00,230.19,230.56,230.01,230.51,51853.0
2025-01-27 16:15:00-05:00,230.73,231.0,230.5,230.78,27141.0
2025-01-27 16:20:00-05:00,230.71,230.71,230.3,230.39,30240.0
2025-01-27 16:25:00-05:00,230.351,230.351,230.0,230.19,19425.0
2025-01-27 16:30:00-05:00,230.198,230.39,230.12,230.12,14144.0
2025-01-27 16:35:00-05:00,230.18,230.49,230.17,230.45,26891.0
2025-01-27 16:40:00-05:00,230.4836,230.4836,229.86,230.35,25677.0
2025-01-27 16:45:00-05:00,230.26,230.28,230.06,230.18,11433.0
2025-01-27 16:50:00-05:00,230.07,230.1,229.86,229.86,4815.0
2025-01-27 16:55:00-05:00,230.07,230.08,230.04,230.04,4174.0
2025-01-27 17:00:00-05:00,230.08,230.08,229.87,229.93,259429.0
2025-01-27 17:05:00-05:00,229.9294,229.95,229.81,229.81,10158.0
2025-01-27 17:10:00-05:00,229.78,229.78,229.56,229.64,8653.0
2025-01-27 17:15:00-05:00,229.461,229.58,229.4,229.5,5044.0
2025-01-27 17:20:00-05:00,229.51,229.7192,229.4605,229.53,6724.0
2025-01-27 17:25:00-05:00,229.57,229.7,229.54,229.7,5266.0
2025-01-27 17:30:00-05:00,229.7005,229.8393,229.65,229.65,8493.0
2025-01-27 17:35:00-05:00,229.65,229.65,229.4695,229.4695,3949.0
2025-01-27 17:40:00-05:00,229.39,229.4853,229.31,229.4,3112.0
2025-01-27 17:45:00-05:00,229.41,229.4953,229.1115,229.1115,5024.0
2025-01-27 17:50:00-05:00,229.36,229.36,229.126,229.23,3091.0
2025-01-27 17:55:00-05:00,229.12,229.8,229.03,229.8,13882.0
2025-01-27 18:00:00-05:00,229.8,229.85,229.4037,229.66,13645.0
2025-01-27 18:05:00-05:00,229.66,229.76,229.66,229.76,5392.0
2025-01-27 18:10:00-05:00,229.76,230.0,229.76,230.0,3793.0
2025-01-27 18:15:00-05:00,229.97,230.0,229.5847,229.77,14677.0
2025-01-27 18:20:00-05:00,229.63,229.63,228.69,229.17,19318.0
2025-01-27 18:25:00-05:00,228.9,229.09,228.66,228.66,4852.0
2025-01-27 18:30:00-05:00,228.895,228.895,228.6075,228.75,6887.0
2025-01-27 18:35:00-05:00,228.83,229.13,228.75,229.0,4231.0
2025-01-27 18:40:00-05:00,229.01,229.7225,229.01,229.66,5731.0
2025-01-27 18:45:00-05:00,229.5,229.58,229.066,229.3,2525.0
2025-01-27 18:50:00-05:00,229.3,229.784,229.3,229.784,3315.0
2025-01-27 18:55:00-05:00,229.63,229.7745,229.63,229.7745,790.0
2025-01-27 19:00:00-05:00,229.77,229.78,229.72,229.73,2535.0
2025-01-27 19:05:00-05:00,229.65,229.65,229.65,229.65,453.0
2025-01-27 19:10:00-05:00,229.67,229.67,229.67,229.67,2343.0
2025-01-27 19:15:00-05:00,229.4,229.6433,229.4,229.6,3854.0
2025-01-27 19:20:00-05:00,229.6,229.6,229.46,229.46,426.0
2025-01-27 19:25:00-05:00,229.56,229.59,229.5,229.5,2301.0
2025-01-27 19:30:00-05:00,229.33,229.33,229.02,229.02,2747.0
2025-01-27 19:35:00-05:00,229.37,229.5,229.3006,229.32,1498.0
2025-01-27 19:40:00-05:00,229.49,229.58,229.47,229.58,2346.0
2025-01-27 19:45:00-05:00,229.62,229.65,229.4,229.43,2980.0
2025-01-27 19:50:00-05:00,229.5,229.6486,229.2272,229.6486,3260.0
2025-01-27 19:55:00-05:00,229.55,229.79,229.54,229.79,3893.0
2025-01-28 04:00:00-05:00,230.23,230.74,230.07,230.35,19784.0
2025-01-28 04:05:00-05:00,230.33,230.33,229.82,229.82,10606.0
2025-01-28 04:10:00-05:00,229.79,229.79,229.15,229.25,7065.0
2025-01-28 04:15:00-05:00,229.38,229.38,229.08,229.14,4401.0
2025-01-28 04:20:00-05:00,229.08,229.62,229.08,229.62,6812.0
2025-01-28 04:25:00-05:00,229.62,229.62,229.22,229.22,3278.0
2025-01-28 04:30:00-05:00,229.23,229.3,229.14,229.14,6981.0
2025-01-28 04:35:00-05:00,229.23,229.23,228.96,229.0,12048.0
2025-01-28 04:40:00-05:00,228.88,228.92,228.52,228.92,7635.0
2025-01-28 04:45:00-05:00,228.98,228.98,228.98,228.98,487.0
2025-01-28 04:50:00-05:00,229.0,229.14,228.99,229.12,2446.0
2025-01-28 04:55:00-05:00,229.11,229.27,229.1,229.27,2315.0
2025-01-28 05:00:00-05:00,229.31,229.34,229.0,229.16,10068.0
2025-01-28 05:05:00-05:00,229.27,229.38,229.09,229.09,3687.0
2025-01-28 05:10:00-05:00,229.36,229.54,229.36,229.37,1619.0
2025-01-28 05:15:00-05:00,229.45,229.55,229.45,229.51,2095.0
2025-01-28 05:20:00-05:00,229.57,229.62,229.57,229.62,2318.0
2025-01-28 05:25:00-05:00,229.6,230.56,229.6,230.45,26077.0
2025-01-28 05:30:00-05:00,230.44,230.69,230.14,230.64,33126.0
2025-01-28 05:35:00-05:00,230.67,230.87,230.43,230.5,25116.0
2025-01-28 05:40:00-05:00,230.56,231.39,230.52,231.34,37915.0
2025-01-28 05:45:00-05:00,231.34,231.59,231.34,231.5,22602.0
2025-01-28 05:50:00-05:00,231.5,231.72,231.5,231.72,15566.0
2025-01-28 05:55:00-05:00,231.5,231.78,231.5,231.67,12879.0
2025-01-28 06:00:00-05:00,231.69,231.8,231.49,231.51,11592.0
2025-01-28 06:05:00-05:00,231.5,231.7,231.15,231.56,9986.0
2025-01-28 06:10:00-05:00,231.69,231.82,231.66,231.76,11489.0
2025-01-28 06:15:00-05:00,231.74,231.84,231.4,231.4,9760.0
2025-01-28 06:20:00-05:00,231.3,231.4,231.3,231.4,2217.0
2025-01-28 06:25:00-05:00,231.33,231.33,231.18,231.18,1719.0
2025-01-28 06:30:00-05:00,231.26,231.38,230.8,230.85,9371.0
2025-01-28 06:35:00-05:00,230.85,230.85,230.54,230.79,5656.0
2025-01-28 06:40:00-05:00,230.85,231.13,230.85,230.98,2640.0
2025-01-28 06:45:00-05:00,231.03,231.05,230.83,230.83,2590.0
2025-01-28 06:50:00-05:00,230.84,230.86,230.7,230.75,3540.0
2025-01-28 06:55:00-05:00,230.92,231.02,230.89,230.93,8060.0
2025-01-28 07:00:00-05:00,231.05,231.05,230.25,230.92,27170.0
2025-01-28 07:05:00-05:00,230.8,230.82,230.14,230.25,25124.0
2025-01-28 07:10:00-05:00,230.24,230.25,229.96,229.96,23605.0
2025-01-28 07:15:00-05:00,229.98,229.99,229.7,229.75,10540.0
2025-01-28 07:20:00-05:00,229.75,230.27,229.53,230.27,12706.0
2025-01-28 07:25:00-05:00,230.11,230.11,229.8,229.99,8293.0
2025-01-28 07:30:00-05:00,230.04,230.04,229.82,230.0,7580.0
2025-01-28 07:35:00-05:00,230.02,230.48,230.0,230.44,21134.0
2025-01-28 07:40:00-05:00,230.4,230.43,230.16,230.43,14109.0
2025-01-28 07:45:00-05:00,230.44,230.67,230.44,230.63,7538.0
2025-01-28 07:50:00-05:00,230.61,230.79,230.61,230.78,7185.0
2025-01-28 07:55:00-05:00,230.75,230.77,230.66,230.66,6109.0
2025-01-28 08:00:00-05:00,230.25,231.0,229.0768,230.81,133190.0
2025-01-28 08:05:00-05:00,230.81,230.87,230.555,230.6,17817.0
2025-01-28 08:10:00-05:00,230.68,230.8,230.62,230.71,16286.0
2025-01-28 08:15:00-05:00,230.6783,230.73,230.0,230.35,28641.0
2025-01-28 08:20:00-05:00,230.23,230.5,230.04,230.4304,18786.0
2025-01-28 08:25:00-05:00,230.41,230.44,230.19,230.39,10294.0
2025-01-28 08:30:00-05:00,230.37,230.38,229.9757,229.98,11056.0
2025-01-28 08:35:00-05:00,229.95,230.0,229.86,229.99,17370.0
2025-01-28 08:40:00-05:00,229.95,230.8,229.8,229.8629,34581.0
2025-01-28 08:45:00-05:00,229.924,230.19,229.924,230.13,7786.0
2025-01-28 08:50:00-05:00,230.05,230.4,230.02,230.32,16053.0
2025-01-28 08:55:00-05:00,230.32,230.33,230.2602,230.3,7308.0
2025-01-28 09:00:00-05:00,230.32,230.41,230.25,230.35,11474.0
2025-01-28 09:05:00-05:00,230.38,230.4085,230.15,230.18,8970.0
2025-01-28 09:10:00-05:00,230.13,230.24,230.12,230.24,15499.0
2025-01-28 09:15:00-05:00,230.26,230.26,230.15,230.1695,888911.0
2025-01-28 09:20:00-05:00,230.2,230.7,230.12,230.51,29746.0
2025-01-28 09:25:00-05:00,230.51,230.95,230.15,230.91,57511.0
2025-01-28 09:30:00-05:00,230.85,234.19,230.81,234.18,4021374.0
2025-01-28 09:35:00-05:00,234.1743,234.7,232.75,234.66,2015842.0
2025-01-28 09:40:00-05:00,234.67,235.4,234.315,235.03,1975019.0
2025-01-28 09:45:00-05:00,235.01,235.58,233.88,235.2099,1789175.0
2025-01-28 09:50:00-05:00,235.2,235.59,234.83,235.2,1303744.0
2025-01-28 09:55:00-05:00,235.2,235.25,234.5,234.69,1048386.0
2025-01-28 10:00:00-05:00,234.67,235.8397,234.38,235.78,1107204.0
2025-01-28 10:05:00-05:00,235.775,236.18,235.65,236.0179,1243150.0
2025-01-28 10:10:00-05:00,236.0,236.85,235.92,236.56,1276970.0
2025-01-28 10:15:00-05:00,236.5825,236.84,236.28,236.56,1004785.0
2025-01-28 10:20:00-05:00,236.54,237.44,236.25,237.39,1126379.0
2025-01-28 10:25:00-05:00,237.4,237.79,237.24,237.62,1331191.0
2025-01-28 10:30:00-05:00,237.65,238.25,237.63,238.11,1833945.0
2025-01-28 10:35:00-05:00,238.1144,238.7,237.63,238.675,1621547.0
2025-01-28 10:40:00-05:00,238.67,238.75,238.22,238.61,1094097.0
2025-01-28 10:45:00-05:00,238.62,238.8,238.08,238.605,824462.0
2025-01-28 10:50:00-05:00,238.61,239.06,238.25,238.74,1043757.0
2025-01-28 10:55:00-05:00,238.75,239.25,238.62,238.84,896806.0
2025-01-28 11:00:00-05:00,238.84,239.03,238.17,238.3226,860955.0
2025-01-28 11:05:00-05:00,238.31,238.8599,238.29,238.8495,613912.0
2025-01-28 11:10:00-05:00,238.85,239.45,238.79,239.425,1130757.0
2025-01-28 11:15:00-05:00,239.41,239.44,239.05,239.3,648942.0
2025-01-28 11:20:00-05:00,239.29,239.292966,238.81,238.97,948941.0
2025-01-28 11:25:00-05:00,238.9812,239.39,238.85,239.08,756655.0
2025-01-28 11:30:00-05:00,239.06,239.68,239.04,239.6,1079876.0
2025-01-28 11:35:00-05:00,239.6,240.1895,239.44,240.13,1512951.0
2025-01-28 11:40:00-05:00,240.14,240.19,239.31,239.44,821047.0
2025-01-28 11:45:00-05:00,239.44,239.65,239.28,239.405,464074.0
2025-01-28 11:50:00-05:00,239.4,239.66,239.18,239.65,533716.0
2025-01-28 11:55:00-05:00,239.66,239.84,239.5801,239.72,486974.0
2025-01-28 12:00:00-05:00,239.705,239.9299,239.58,239.895,433684.0
2025-01-28 12:05:00-05:00,239.895,240.17,239.75,239.815,618088.0
2025-01-28 12:10:00-05:00,239.8299,239.9,239.34,239.34,526677.0
2025-01-28 12:15:00-05:00,239.35,239.38,238.66,238.7209,724493.0
2025-01-28 12:20:00-05:00,238.73,238.92,238.41,238.4752,609655.0
2025-01-28 12:25:00-05:00,238.47,238.62,238.16,238.55,573516.0
2025-01-28 12:30:00-05:00,238.55,238.925,238.5,238.72,345590.0
2025-01-28 12:35:00-05:00,238.71,238.91,238.46,238.843,419616.0
2025-01-28 12:40:00-05:00,238.855,238.93,238.53,238.56,289176.0
2025-01-28 12:45:00-05:00,238.57,238.65,238.235,238.485,413334.0
2025-01-28 12:50:00-05:00,238.47,238.72,238.4307,238.63,274561.0
2025-01-28 12:55:00-05:00,238.64,238.83,238.5401,238.73,266622.0
2025-01-28 13:00:00-05:00,238.71,239.18,238.69,239.05,365461.0
2025-01-28 13:05:00-05:00,239.06,239.25,238.88,238.88,317397.0
2025-01-28 13:10:00-05:00,238.89,238.99,238.71,238.825,238123.0
2025-01-28 13:15:00-05:00,238.84,238.964,238.75,238.835,250356.0
2025-01-28 13:20:00-05:00,238.83,238.91,238.55,238.55,288893.0
2025-01-28 13:25:00-05:00,238.54,238.81,238.47,238.7442,299909.0
2025-01-28 13:30:00-05:00,238.76,238.9498,238.69,238.88,211309.0
2025-01-28 13:35:00-05:00,238.88,238.88,238.67,238.71,231209.0
2025-01-28 13:40:00-05:00,238.715,238.995,238.6,238.97,279235.0
2025-01-28 13:45:00-05:00,238.97,239.06,238.7,238.9193,334833.0
2025-01-28 13:50:00-05:00,238.92,238.96,238.665,238.74,211231.0
2025-01-28 13:55:00-05:00,238.745,238.9,238.7,238.81,317384.0
2025-01-28 14:00:00-05:00,238.81,238.96,238.79,238.8643,193579.0
2025-01-28 14:05:00-05:00,238.87,238.88,238.59,238.685,352723.0
2025-01-28 14:10:00-05:00,238.685,238.805,238.6,238.78,257066.0
2025-01-28 14:15:00-05:00,238.78,239.04,238.77,238.9928,233987.0
2025-01-28 14:20:00-05:00,238.9928,239.1,238.81,238.855,361581.0
2025-01-28 14:25:00-05:00,238.855,238.87,238.68,238.82,368661.0
2025-01-28 14:30:00-05:00,238.8222,239.19,238.79,239.18,282128.0
2025-01-28 14:35:00-05:00,239.1761,239.38,239.03,239.18,411376.0
2025-01-28 14:40:00-05:00,239.19,239.39,239.17,239.25,314603.0
2025-01-28 14:45:00-05:00,239.21,239.48,239.1601,239.41,368266.0
2025-01-28 14:50:00-05:00,239.4,239.47,239.275,239.38,287255.0
2025-01-28 14:55:00-05:00,239.37,239.37,239.02,239.165,367764.0
2025-01-28 15:00:00-05:00,239.155,239.2,238.3101,238.49,471825.0
2025-01-28 15:05:00-05:00,238.481,238.73,238.32,238.6,371136.0
2025-01-28 15:10:00-05:00,238.58,238.635,238.31,238.54,389873.0
2025-01-28 15:15:00-05:00,238.55,238.98,238.5405,238.97,398122.0
2025-01-28 15:20:00-05:00,238.97,239.25,238.84,239.15,499905.0
2025-01-28 15:25:00-05:00,239.15,239.235,238.79,238.84,707742.0
2025-01-28 15:30:00-05:00,238.88,238.93,238.73,238.745,349090.0
